mean_iki,std_iki,coeff_variation,skewness,entropy,hjorth_mobility,excess_kurtosis,label
139.34176676167525,22.10314993421428,0.158625446252728,-0.22088640214254757,2.766135355238774,1.39170997847842,0.5105598726313523,1
129.5090771979905,24.7758012385415,0.19130551907697424,-0.06529119365785763,3.108954822090643,1.3597220341910508,-0.618146840991034,1
126.6389397395813,27.48712093241375,0.2170510980977724,0.5260006255761729,2.9413152774012365,1.1890530520070144,0.3888099549483117,1
135.76948476345746,25.538381070757435,0.18810103842738546,0.2615696227827596,3.082895443914514,1.402213490525594,-0.5741351577301672,1
121.74590075503515,33.72001912513886,0.2769704681308892,0.7217645309713724,2.992487689168953,1.350894218160904,0.17737757838533152,1
122.35506365328995,21.81708222085183,0.1783095980618633,-0.35707749630656044,2.936574243734413,1.4514836904330735,0.5335575592631643,1
138.81396719319073,30.59181098083936,0.22037991997061795,-0.4144367054041551,3.154248072220452,1.4921436015256981,-0.3551185486760473,1
123.98009023292114,31.11457425205848,0.2509642813906942,-0.31477853943189615,2.919165044326838,1.2445941320508251,-0.15465884830600718,1
132.7257696949444,32.722896452525646,0.24654516246344343,0.21027002925746124,3.1285638219175653,1.2699103735164259,-0.3845524006640968,1
125.35082895023992,29.721990631060706,0.2371104433849364,-0.22094623153692197,2.8333407619421025,1.3224130438000217,0.8695455834879984,1
129.24391971164647,28.764776379135782,0.22256193129481294,-0.04937412319742321,2.9398490002539663,1.3901335523373528,0.1187076762373982,1
121.29329668543915,30.283640495619146,0.24967282878093786,0.06213096715515781,3.0158543814495715,1.5537251916693993,-0.6383054125428864,1
116.4785640899025,29.333492076258633,0.25183596917985657,0.08609017712229096,3.0561991158611694,1.4653856311326203,-0.13377439016299864,1
132.1340683701401,27.024991713593785,0.20452705382453007,-0.2672542351751526,3.112167440548883,1.3442186391838318,-0.3207440513531967,1
144.23484062825048,27.267234213431614,0.18904748738004243,-0.43959921809057906,3.092376393624434,1.2547223962458907,-0.31148231787062963,1
136.88049912769236,24.694062480644224,0.18040599382683253,-0.4316927664054385,2.795518260529667,1.3307754630715347,0.2903615585621431,1
131.50571029060728,25.713096733251742,0.1955283666118359,0.5203354723302853,2.735475635911666,1.3613381217053555,1.2264635963969281,1
139.98706435525594,26.504810964379168,0.1893375726282528,-0.07887057990504591,2.9841221735367425,1.3253582427478725,-0.014355451942420494,1
129.1699658292083,28.551368959372333,0.22103721074853927,-0.9597185259366844,2.6375155699318644,1.4116697660966742,1.9054732050075165,1
141.13878027028161,27.93269632125357,0.19790943543484144,-0.5957926395834293,2.932376393624434,1.2443417429587325,0.6470841578625715,1
130.67383496518661,31.458285941936932,0.2407389815284588,0.5642428285260029,2.8341310549059653,1.4626503026252182,0.3871980769175152,1
133.67776641972551,25.145819964047863,0.18810772080896573,-0.13436418268070643,3.0641782029400937,1.30175600648375,-0.316675527541848,1
124.68560492129318,25.602915930420238,0.2053397899988686,0.08632902673911214,2.9823629406354217,1.269315384985672,0.0629426511369835,1
118.54574400204982,26.777307467143462,0.22588164334841448,0.06291604250161364,3.0644984515601634,1.2648875852933044,-0.4215695824481016,1
133.6383182809523,33.95058812005086,0.25404830408502604,-0.3070576408600247,3.1089548220906433,1.388462618833391,-0.2803581140326443,1
135.98134032123437,31.958121946024384,0.23501843613637272,-0.1029531200549104,2.9798490002539664,1.4660310521325297,0.1071765799747455,1
138.7842514496271,28.212350488418046,0.20328207410952498,-0.456179386318156,2.9934660718742965,1.589613757401226,-0.18533054428271756,1
123.90224659835687,25.08402252845023,0.2024501025373892,-0.1878518886403607,2.9466372640683756,1.4025961497619286,0.572759709222578,1
133.88060266397795,29.65144554830088,0.2214767857201985,0.2312241878526687,3.04604988153611,1.4007821164326903,-0.17783206620451697,1
122.47171788907917,28.813298022319852,0.23526491274022654,-0.10370052070458684,3.114764703199709,1.3942447228646744,-0.4611098036985344,1
115.99415277578314,27.809191011497454,0.23974649019811076,-0.165047122422509,3.1392052014303555,1.4115268226463744,-0.4981344347407597,1
136.51800233184747,31.055130995195427,0.227480115916923,-0.06949116344065052,2.7613038568350503,1.6074101605486253,0.3543131491547684,1
121.34598151142403,29.849517029697406,0.24598686052811106,0.16646113896231107,2.984904173882897,1.475752224275722,0.08651866040934086,1
118.32729207478029,28.236244005168484,0.238628329188196,0.7516037080477436,3.0186885704510966,1.3963832410671138,-0.03851314185562682,1
125.2947339144031,26.266255764785072,0.20963575199201304,-0.038851505812463556,2.854697253230173,1.4859617464521735,0.2756215327230458,1
139.8894246697988,27.759191897627932,0.19843667212980506,-0.41326211074867525,3.1464957609623614,1.4414855659685293,-0.37927231220643476,1
114.03989333865407,27.408445367409062,0.2403408541081028,-0.2924155532097961,3.0881020701914808,1.504032358766253,-0.2650355542874019,1
123.77738334760184,29.36334340782732,0.2372270491885158,0.4249432088133407,2.9702681755657125,1.4881282629345862,0.13209401412725263,1
133.70821240238658,24.11844019453383,0.18038114309651285,0.14143379729015543,2.977207892028158,1.5012478663452538,0.18537469080357116,1
126.99433553251822,27.827909114990238,0.2191271681394373,0.11890645353782348,2.85072877714162,1.3167133886105802,0.45050401339510904,1
130.55204466919201,20.890449034866517,0.16001625319466403,-0.16826515506977144,2.8800019239261667,1.4593074126369423,0.6582123694072064,1
140.1956649792064,27.964128136900108,0.19946499872908124,0.8470689450826618,2.869791701689971,1.338419891987281,0.6920102025200459,1
131.6650372227033,22.823879291665726,0.17334806394396518,0.37099682278096024,2.997922442404776,1.1975803463408192,0.31506312811168113,1
129.2442918673482,29.105346590902943,0.22519637943295512,-0.5876432038004703,3.0085638219175657,1.489813529678112,-0.02651041277331556,1
142.40448765753408,38.98194071353944,0.27374095686707844,-0.2774829072804976,2.7772078920281578,1.3503540709504518,0.42657298226960094,1
122.58890641257385,30.80539018991615,0.2512901949401554,-0.23915251144208663,3.0481020701914807,1.2807718062257913,-0.1567103629522273,1
128.02477141679958,36.76787853186429,0.2871934714271988,0.12986794986327962,3.0637164512140083,1.4639092599294612,-0.4687487452164296,1
129.34781246876855,27.24940126848467,0.2106676622386956,0.19376407396730366,2.9658118050352327,1.2568279181373012,0.47648153656021375,1
133.9463577127503,26.67126260238404,0.1991189835828228,-0.49416678377162127,2.9464957609623608,1.4233813840595986,0.4091470761010889,1
126.03472565588828,26.507318580741657,0.21031758067307896,-0.41161457724435646,3.0885638219175657,1.4173616017830835,-0.4436931380320024,1
128.89291542552394,26.378083766144243,0.20465115308362977,0.1910920771894456,3.08926249999435,1.4952588722276485,-0.8357408356781018,1
136.08335125931106,26.229906103883334,0.1927488253423553,-0.08376230858880186,3.1386885704510967,1.4268795668614407,-0.6102212144367924,1
124.68849755918448,25.045324936880903,0.20086315439796618,-0.03767643547521455,2.7735368234273037,1.4542603729121875,0.3420268913079658,1
129.03463148410296,25.494871562012342,0.19758162028891682,0.22278166662566812,2.9196816753060966,1.4106613128923613,0.09499695535449693,1
123.36013886270348,27.525453673327704,0.22313085837202887,0.08636660959756412,3.094235501504088,1.4895270344882394,-0.43018130945400035,1
117.47456897541464,28.51842545719716,0.24276254602105043,0.4945404775064723,2.8629068644806996,1.4072973643098168,0.9630887759014799,1
134.21857776613845,38.06010557235471,0.2835680887534837,-0.3431560875969886,3.1730201924480457,1.2442004621625122,-0.5355469302148035,1
135.30893911421796,33.87386709102595,0.25034463585906985,0.32750535357777294,3.1490097013438167,1.5368317065118262,-0.5606428198510254,1
135.03442357644713,24.44035934202329,0.18099354738376658,0.34212073548892363,2.8580753660769767,1.3020744748330946,0.3651338558014512,1
130.50229830103873,26.257578760929377,0.20120395657982354,0.06924333383827856,3.1811476315793796,1.5036984389496626,-0.9769691511228888,1
123.93977609127532,24.711294040311596,0.19938146428563006,1.0142834831817045,2.741952967566885,1.426719816696973,1.7181316138326945,1
122.63238491368216,25.70705118941916,0.2096269366979506,-0.07237011769618105,3.031468762472099,1.316656183392713,-0.8240020862135067,1
133.50025652437478,28.188956904909727,0.21115282950608355,-0.34403415882849847,2.9635359411546545,1.5945406944315017,0.025529311184523618,1
124.75378383364895,22.717562219282204,0.18209918385781865,0.21523454418781354,2.76748886581736,1.3932035406501022,0.7173381135994985,1
119.75595334629577,27.208124485310012,0.22719642510492027,-0.5775033605539547,2.839082872207645,1.365287057284954,0.7012723636137381,1
133.70613920351164,35.801859976084515,0.26776526634720316,0.19938148217480708,3.001735014111645,1.268094696105203,0.1964743828526796,1
137.01478645032216,36.59845581133816,0.26711318361692127,-0.03736591533440752,3.1848220017637043,1.409929829151384,-0.700280548623295,1
127.5862354172242,27.347046995734487,0.214341671782273,-0.18467501764937397,3.128563821917566,1.3086941575175706,-0.731304723489953,1
125.51673955052689,22.87504388414663,0.18224695738641505,-0.24542089705536554,3.0580753660769764,1.4931095213040528,-0.30884492174950395,1
132.0997736135567,30.582748219883545,0.2315124953154727,0.19620315983502415,3.1325584407219607,1.5071670771326493,-0.47791930396120286,1
136.31587918441173,33.84497183965638,0.24828341380441826,0.2722795395800834,3.0058118050352327,1.4428253861110825,-0.11943070450871796,1
133.6565749879426,22.361352649827886,0.1673045463857288,0.5459229908694841,2.736574243734413,1.29609823090238,1.4117776097549992,1
140.6377302499982,32.70285477422789,0.2325325836537262,0.16295862782808102,2.9272651905921525,1.4495016749177776,-0.075222444769528,1
134.46874077934953,25.77651242521673,0.1916914836550269,-0.04542189425015149,2.7733404410681155,1.4237606397887486,1.1692548073096916,1
117.26319211603777,30.569161055119046,0.26068846074793306,0.6113391498499172,2.844107451387086,1.3108139857930676,0.21454110009443905,1
138.51113536175149,38.303238720632116,0.2765354469198091,0.08938892409018041,2.9991377514608186,1.3817714361231856,-0.3427691248907392,1
117.73113802680545,27.233271677449284,0.2313174928390543,0.5755263222852393,2.84780911443743,1.266904696745852,0.2288202385515974,1
127.95313092127317,24.49676358206298,0.1914510681034864,0.5437423907878456,3.0206858798532945,1.1456198369739603,0.4549992192559489,1
132.44541042540277,27.698861943789936,0.2091341772797085,-0.2668438843421897,2.9454208048621555,1.3470804171213935,0.684602519125217,1
139.09361173359972,26.331245436998135,0.18930592935805915,0.7414931537072419,2.800001923926167,1.4722817612496517,1.3540566325162127,1
136.33640008261753,28.520046542809315,0.20918878982815048,0.050892078070458355,3.049947926945643,1.3425404824396503,-0.4301628753402147,1
148.5431382373638,31.563874279818066,0.2124896151674184,0.2579129536388565,2.7735368234273037,1.4978805467953145,0.5806995791498752,1
138.17788232525754,32.46585662934869,0.23495697055862505,0.003548852494533918,2.9034896753931756,1.5464096615881653,0.4013199550412514,1
133.0301724187209,30.87841947266009,0.23211590958078526,0.456932806885064,2.830170131146686,1.5793700644397763,0.9472398271171683,1
129.7472703311799,33.40185893512168,0.2574378547607471,0.15053171672592136,3.140072675479174,1.517887119430924,-0.5421588863684859,1
124.12758204948213,23.14233373852791,0.18643989801801236,0.06530664480804613,2.9464957609623608,1.3850239338869132,-0.026008333390971305,1
122.59865190310518,23.48438415941147,0.19155499505795673,0.10133557156529753,3.0445692031131704,1.5887684089944307,-0.3869806440876826,1
122.10577415533433,28.956319604286772,0.2371412802104722,-0.7960725355338857,2.7827898471662134,1.5163431603929738,0.9228323636982205,1
145.38663899664922,37.03100619642403,0.25470707935739195,-0.39706906178651613,2.7786885704510973,1.417536357278205,0.850432977061379,1
128.53370096538205,27.751039391605804,0.21590477192499097,0.02822211036381431,2.89174274533069,1.1430651938736727,0.6703015910576866,1
132.41700790361318,25.920002296911516,0.19574526495704223,-0.46378286810724495,2.824904173882897,1.320132038576945,0.6445517830302547,1
129.06757448330708,28.4795405515543,0.22065604521945745,0.06112553719119027,2.8808981345123166,1.5353340215666198,0.5764363187115054,1
130.12015542409853,30.181139234558927,0.23194822613137853,-0.23892574995806076,2.931190528867705,1.5426187540449756,0.8337560193140816,1
122.44780369857145,31.667498867618235,0.25862039098368644,0.41337477556737373,3.0661206330891178,1.2555946640898976,-0.3844396138017139,1
126.76020306957984,26.766389758059262,0.21115767496338692,-0.22566303037436886,3.0494312959663845,1.238964283224034,-0.37884576354014765,1
127.97383115866889,25.31318979815872,0.1977997342814099,-0.23506853468441277,2.9866085275310446,1.4629801134963794,0.2899788881499452,1
132.23355443318093,27.767069648516582,0.209985050825716,-0.3410964863932459,3.0342480722204512,1.4769818303918225,-0.2753080781938255,1
128.98614018479395,26.29374691160257,0.20384939710524275,-0.13854046782620938,3.061233105282043,1.4843632566492275,-0.20352535051262866,1
132.48896637611506,22.67483331389339,0.17114506916389666,0.42319073962429976,3.050099379593678,1.2972013445312198,-0.02966566542978244,1
121.47978743219014,36.868908598652034,0.30349829694287384,0.27440115419547384,2.951874484794833,1.4080287177233153,0.005544237228323645,1
117.88703481993005,26.933919121450536,0.22847227570522516,0.05404218848530836,3.1016642625586375,1.386054304441017,-0.5581622061385372,1
140.97449211552347,32.19150097504765,0.22834982763171005,0.268290239553068,2.8539119513005473,1.3420668980123975,0.018641070616727706,1
136.3916050034669,29.986767242614125,0.21985786619236497,-0.35065278576150316,3.077167734924641,1.2892422986770014,-0.36495596337843317,1
126.92323833060532,27.85529889772051,0.21946571222177597,0.09027204856931952,3.089724251720435,1.4248724554146917,-0.3836454708928967,1
137.0720040975524,28.574455694201536,0.2084631058130985,-0.008569505261381128,3.004107451387086,1.5763447908168675,-0.6647266160332301,1
132.4943442082823,29.816297507931143,0.22503826624523424,-0.285116550060946,2.872711364394161,1.2920457526113907,-0.2323779158382906,1
131.43578169306096,23.056251467002596,0.17541837671605548,-0.1596201767215217,2.968618701170739,1.3403345373000528,-0.1455204219329702,1
142.0494757382371,27.376940971665825,0.1927282084596702,0.21507253780581287,3.0309521314928407,1.3362842368215209,-0.09889791976528617,1
132.66268314419526,42.28491737708096,0.3187401036591439,-0.47323969381057135,2.8965193644812404,1.5105272196241082,-0.1690935024415512,1
133.61309467461388,29.273833748210965,0.21909404777653813,0.14970792056633533,2.954302951473625,1.3819803221604625,-0.03187681182190616,1
123.23153906164721,35.56681065833089,0.2886177591317626,-0.12125509629698628,2.7025866158606293,1.4513416875925034,0.6440665888269423,1
142.6313736533443,24.731247802791867,0.1733927618400385,0.38338731567505985,3.1415260610360933,1.3319105962608875,-0.33623793144719727,1
121.7680224098761,25.251920358693628,0.20737727244756132,-0.0614067877190943,2.979150322177182,1.2375945658155691,-0.2053403152493085,1
154.94962555722492,27.357381178026174,0.17655661367134273,0.3363020333201913,2.9843265549925038,1.328285698936015,-0.4536193657831169,1
122.14557836782859,33.7170279794707,0.2760396932088316,0.14590790449972157,2.995463381276494,1.5377228331871216,-0.19587273273335315,1
128.06996442685147,29.44778924588215,0.22993517158897603,-0.49026372944615204,3.002895443914514,1.580223892778322,0.02258836241418427,1
135.14371068395164,31.993990171734968,0.2367405039407007,0.10524659877469253,3.0460498815361094,1.3807986614636945,-0.2868624537427835,1
122.16884260714629,28.39778938596589,0.23244706899027917,0.37543870056925877,3.0933404410681153,1.3849026220263794,-0.46401313761214924,1
133.6306402836358,36.73704443504477,0.2749148275954458,-0.0658231595785253,3.119596201603433,1.4140506859467068,-0.4627042496695646,1
131.04056495608694,25.54797966257026,0.19496237421695833,-0.07762699428357132,2.8486765884862497,1.670257279601663,-0.25652101687130946,1
136.8236606307902,29.739065308441184,0.217353235334714,0.38537862454913663,2.933536823427304,1.3530578564662754,0.4067261491495575,1
137.74852600335055,30.086691409918153,0.21841751983020374,0.2854152406392917,3.1089548220906433,1.4210134708981912,-0.5908834468194981,1
132.79731118478273,28.110550524337786,0.21168011817063792,0.2848662337020623,3.1554085020233202,1.5701467511186573,-0.649627237892684,1
125.49037929291457,30.449183385161056,0.24264157584612764,-0.1134571840961931,2.900827382959309,1.4866147077273488,-0.16543255871344265,1
141.85863062077078,25.361818392165684,0.1787823432468143,0.19105508230018156,2.905163434591832,1.1420702501502207,0.4797829424279274,1
138.74543125741332,32.385150584072946,0.23341417652873217,-0.09807152154819312,3.0404363827862317,1.2208936605512217,-0.1872809760993821,1
119.3073851146167,28.965589649528898,0.24278119599806935,-0.33257862775619246,2.9831998202347503,1.3929278252046131,0.3291234153308338,1
136.0284503519014,24.93216718194078,0.18328641631542544,-0.28013332169388655,2.802699061555326,1.3000188226083795,1.0447895548486983,1
119.3262574159412,32.05830326064653,0.26866092974741834,0.337055769187804,2.887781821571411,1.5197295531806234,-0.2193952622685149,1
133.45294940707493,32.14050894251015,0.24083775656745615,-0.020541269666022505,3.1543029514736243,1.5512350408598938,-0.8558759141377865,1
130.86258260846165,30.123019786746255,0.23018818050438264,0.272639507038711,3.246104760789283,1.5149445974576263,-0.9984068363178387,1
118.26182160900997,32.41533534093445,0.2740980554832316,-0.4870992306684783,2.8774606906786913,1.3426500361900842,0.7240547284548415,1
135.13165601231947,23.67836676889212,0.17522442533179233,0.4369642129788331,3.068200114610508,1.492169502102514,-0.30401562769252877,1
127.17795292919489,29.269844204519114,0.23014872885094179,0.21820326055404135,3.1151704255224435,1.2374337771581434,-0.4605881060109147,1
131.7069685940779,29.061015391696966,0.22064903400262204,0.19689366897224406,3.148954822090643,1.520419768336678,-0.6393802615963562,1
133.84726209560523,25.080790120786016,0.1873836620047645,-0.05989747276321742,3.0168327641549144,1.6672488952375162,-0.06507725341648163,1
134.82493436472058,24.465052875365792,0.1814579253506948,-0.8298798014503644,3.0143176736232813,1.514854160905374,0.3315289690124912,1
139.83612138920049,25.43099403870521,0.18186283905804357,0.9216451077327386,2.7874181142643533,1.474135927001455,2.0532344268972436,1
124.44828783322815,23.04099089127156,0.18514510157141373,0.30767278250354363,3.195783629896564,1.367244823479338,-0.5701091202874697,1
130.01658684596788,25.13762501897721,0.1933416776180876,-0.06943247486116672,3.0170148112524404,1.492094096789664,-0.4121930825969171,1
122.74629380440624,26.864015621783224,0.21885805908397116,0.3622038673840314,2.8205688625388077,1.488988968817581,0.7670440710104773,1
140.99851514324848,31.54818111823586,0.22374832164852412,0.033645590723414845,3.0730043201482116,1.4224904172572408,-0.31134195712128854,1
126.87853452189938,34.042485998585455,0.26830768598379173,0.3223103410160936,2.7300656845485625,1.4463776044366543,1.1099021291497753,1
134.95997248823232,26.413237525732967,0.1957116398199921,-0.49285165285705174,3.0052130019367818,1.4480004684756071,-0.1267173699763129,1
121.81821890516879,32.400370761124556,0.26597311184090705,-0.5636220743720549,3.0900993795936786,1.363951149597578,0.14040214380150307,1
138.52507455515604,28.1148401181752,0.20295849115014056,0.12978987823332302,2.6448894517332406,1.3881363317397255,1.7073603310038905,1
119.27633210488955,21.43168265521909,0.17968093314918873,0.19430926777344545,3.069653500167427,1.5808609131969427,-0.4691283283835941,1
120.91048353219654,26.767628487834713,0.22138385114229503,-0.14055702296617312,2.9052489082944954,1.2589197117396793,0.24834553460721898,1
130.09834560928556,31.599543901040565,0.24288966745158364,0.08343559277936687,3.0012732623855602,1.4804981320342376,-0.5763350776198113,1
115.58897493228764,27.616996754087715,0.23892414281090243,0.07987077389391516,2.8306318828727703,1.5885702704338291,0.847050033177374,1
139.255101906539,37.49462377315081,0.26925134705883386,-0.2727235560576214,2.971776440375806,1.4340303199159845,-0.13026102923185245,1
125.83445826479927,24.804942650297825,0.1971236097993098,0.21311813979720107,3.109795003273442,1.3684526160357389,-0.5033531687747486,1
125.1427893984619,26.46626196403951,0.21148850917626102,0.07999573350145309,3.051914641898349,1.40673588701136,-0.29383626260679785,1
126.62768261416981,27.10058973494151,0.2140178922607,0.3643520382143317,2.9300656845485626,1.659962966317174,-0.06473112954918081,1
137.6974749509999,36.50133123424028,0.26508351912211464,-0.6107263036214612,3.0710070107460137,1.4451617438637032,-0.24818962694065583,1
131.5036402185411,25.562154010966445,0.19438362290569017,0.7737040010357424,2.8216642625586377,1.3595571311903902,1.2382619177522143,1
124.24504101428978,25.28456742243411,0.20350564671249985,-0.4496369002532574,2.9992199235800117,1.4517161112845507,-0.591389478298515,1
128.48766063967264,30.605507911301288,0.23819803208286713,0.3634374265244221,3.157405811425518,1.4752657724605232,-0.4118766624356067,1
132.17754321959907,26.0508026179818,0.19708947513649225,0.27821394129993693,3.1901152518935123,1.4640169957347922,-0.5182072423711399,1
135.74311236685517,25.04516547453949,0.18450413459544965,0.4234532590149391,2.8115107774877752,1.4985220604641722,1.2960516806293132,1
138.9602411944393,36.888535004192775,0.26546107496011545,-0.037137980526333825,3.2309521314928404,1.386294891556477,-0.6960575485666025,1
129.49418196061163,26.237263993444827,0.2026134579654354,-0.05968261758737344,3.014555750124158,1.594347792315973,-0.186221096289636,1
147.55107504994234,25.331264052343784,0.17167793622492947,-0.17510901159591694,3.122110141984888,1.4232856165378576,-0.4174539988821011,1
139.51651152410412,27.71168368887841,0.1986265524141255,0.0815397266424818,3.0711197773146974,1.2374725384308627,-0.08563742557366316,1
137.8654618507566,29.04796139759923,0.21069788624104058,0.6092561076623692,3.1288840705376355,1.405193612915702,-0.2464350279133205,1
123.24638336611491,34.02440541457712,0.2760681854128282,-0.21389614964579828,2.9285638219175656,1.4545931842911894,0.3425432118257947,1
123.89705372987947,28.36835950502431,0.2289671840532467,-0.43531703398444527,2.965406082712499,1.406180066386883,0.2654164190912818,1
133.08127630272185,26.00492532207113,0.19540634148200806,-0.02971608089204307,2.818691872034568,1.331405741118966,0.19466374083019122,1
136.08973211422625,28.309233238602346,0.20801887694834412,-0.15301806137196372,3.140827382959309,1.377318519462168,-0.4940958852369852,1
125.06096094576019,25.640061707564385,0.2050205077081141,-0.5566271496577512,2.891190528867705,1.411131112281709,0.3460969294384135,1
119.51814402434216,27.20985855150564,0.22766299438153784,0.08977648330174985,3.1051971296369474,1.4580285662211412,-0.9472085490269948,1
125.11560920309566,25.69363505391166,0.20535914917062112,-0.12049504881262424,3.075783629896564,1.4690670532788506,-0.7587215619746637,1
130.9590328206874,32.55852041812778,0.24861607265157318,-0.2067989962314108,3.1929494408950383,1.4601079826296974,-0.941103522547313,1
128.9156419897408,33.981649907102884,0.2635960181605206,-0.13733593609542918,3.035463381276494,1.3636835033224177,-0.3225046423141964,1
126.41065546692525,32.44985358874204,0.25670188536624106,0.4716368971692621,2.63424445455579,1.3369457133166234,1.0478818807617767,1
126.01415857777249,23.062183415288953,0.18301263663999792,-0.7227430874512571,2.8861902344919472,1.3833453497054449,0.7888308300845113,1
143.72896958089098,30.11180341804372,0.2095040652267164,0.11835646758091589,3.0175314422316983,1.4521263334972205,-0.36401644802255184,1
130.66844751109397,34.53170596653161,0.2642696582401793,-0.05362605705857654,2.9300656845485626,1.627467769091999,0.41876695344577675,1
121.25984036238378,27.921861312716953,0.23026470453261985,0.5834470101517849,2.906819311165902,1.3790526907424192,0.4251273922202259,1
114.17784052013107,26.229779471439254,0.22972740903095462,0.13795935815989693,2.748634573470573,1.4938445882217863,1.1834403079683558,1
127.94881891214735,31.475576662395216,0.24600130685072666,0.7004174247958302,2.8038144956330355,1.5240314483652269,0.886101958311913,1
114.964990332485,29.319183799936127,0.2550270627183411,0.7972421407436125,3.1420699848813713,1.46720163919214,-0.13750786602668308,1
132.4622614108995,30.958032265505224,0.23371209230282614,0.3418209225280018,3.095017501850243,1.4724937521422363,-0.3651057722425719,1
138.0712087826319,29.597470348701382,0.2143638098750713,0.14731559084277043,2.8130750717012187,1.3532564597846781,1.0545170076454689,1
135.22017552326474,24.847356699211836,0.1837548028839589,-0.434618270703212,3.0402948796802174,1.3796559426546606,-0.30697718483615644,1
129.6987320269563,28.366536181699793,0.2187109753378634,-0.5671935352734452,2.957684365903899,1.3610883761666646,0.5330845140723985,1
142.5226430758949,32.10293258926946,0.22524794584516852,0.13570720707833073,2.8963710124288293,1.4466049363193791,0.21108378432737185,1
120.99592922525613,37.137808869363205,0.3069343663638828,-0.053360591393178544,3.0558543814495716,1.5385236416028942,-0.42340896550360796,1
118.0719762596006,25.21684006476997,0.21357176244197532,-0.4165587921458127,2.852558440721961,1.4101535146828663,-0.7429764481449941,1
114.38499098858182,25.72312460648355,0.22488199180827226,0.5885213109901599,2.6368168918550805,1.5264401550417752,2.1235046665088486,1
136.79607911382354,33.56427119384674,0.2453598919740895,0.23301308039672142,3.2040525721339126,1.2402715776261897,-0.5893656184765383,1
130.76058684189258,32.399666832999,0.24777853644978381,-0.5225067588257986,2.8825158643076225,1.4145411329876916,0.5012055830428808,1
126.24681019113333,23.243660398424243,0.18411285293651491,-0.29439166530705047,3.178688570451097,1.4801137624824579,-0.6674857955637514,1
118.65353709556437,28.18418104779476,0.2375334249420228,0.13359622274952831,3.091803733241825,1.2807830082702225,-0.4263681290761214,1
122.59462058839117,31.90926121197379,0.26028271924841184,0.7353652509729197,3.040756631406302,1.3991065960048152,0.2801316069063646,1
123.47420819053139,20.574346625331415,0.16662869863140503,0.0839351716463926,2.6583134425778536,1.4340989342829051,0.9729165221131346,1
130.1534269562031,29.45084054465275,0.22627787245711953,0.3095049551524615,2.9214216144379708,1.4793372406115268,0.4625146529486033,1
129.93430106876374,25.650877408910297,0.19741421008864593,-0.48013623385018267,2.8079850528769943,1.4565714936051912,0.8691687972127671,1
134.83243431019258,19.41521274647093,0.14399512139493612,0.024067241360634452,3.217851690851769,1.4301657804249692,-1.0331608925676403,1
125.97115445420287,32.345603581249286,0.2567699226175514,0.37195521905043,3.164052572133913,1.342519269873673,-0.619727004919298,1
135.41286286882612,33.594687812923034,0.2480908172325259,-0.0757187596213309,3.1285638219175658,1.2635815904272087,-0.6317385893988998,1
137.26609130750344,26.448092128452306,0.19267753511829297,0.45341848392655354,2.8992052014303553,1.4317445111633136,0.28076040709597416,1
118.47285007276328,28.1589597812945,0.23768280887983972,-0.09458661961390728,3.137906570104942,1.521985741375727,-0.3229928499079082,1
121.45710752020308,23.795688468113372,0.19591845182181056,-0.12545065352130466,3.0572078920281576,1.4289856268626813,-0.5525579380265038,1
134.6037819043877,28.82205473987919,0.21412514813552705,0.1505036787099593,2.9272651905921525,1.4702810619202606,-0.06159613302510625,1
127.17978413330907,24.049835931062653,0.18910109098670716,-0.15230325713959014,3.0173899391256844,1.386242405959025,-0.17559413356084663,1
120.56444380471781,34.00517069679661,0.282049745544183,-0.12669259788572623,2.7907140549919633,1.1263393284315433,0.35711791667705306,1
136.9103548088274,30.54926590970133,0.22313334847724492,-0.2702363141904767,3.072949440895038,1.5273539871849076,-0.15356320040253912,1
125.84511487311408,26.066572723600824,0.2071321779147564,0.42738988533032773,2.9756163049486943,1.308537752551476,0.019036511452807048,1
124.0090305920671,29.15533218557738,0.23510652447147226,-0.054068736898001686,2.871155362798424,1.499095204486825,0.19693546481293733,1
138.05213926216865,27.594507126806725,0.19988467599479373,-0.3015097738086001,3.010044500340505,1.540746350094727,0.12508704648963676,1
126.48613897163752,28.069746846799397,0.22191954845814044,-0.15037410234630874,2.9237323235138426,1.2987014928267935,-0.395101379043151,1
135.04632288465262,25.073728399030113,0.18566761288603456,0.39094728008421126,2.9697454359284925,1.4611751002389979,0.018336786288608575,1
126.48150195363067,29.532448970907904,0.2334922381119002,-0.42378624112589103,2.719458000080889,1.330084831461552,1.216489368371728,1
121.13127000558525,30.89637659613554,0.2550652411611877,1.0002189961355055,2.8477269423182374,1.473415981267604,1.1199724162517786,1
131.2205878247931,31.7935780235733,0.24229108061933366,-0.02784598178176669,2.840294879680217,1.3569771521448888,0.8489506803878006,1
131.05363059245832,27.881049788249328,0.2127453444990923,-0.2222787797526928,2.958004614523969,1.3164786932522843,-0.1957673438291434,1
126.07583889248932,36.46210763033864,0.28920773362001234,-0.08614064647290928,3.074946750297235,1.387014372669962,-0.5326256682529276,1
119.82787106254241,23.69302942110423,0.19772553088870284,0.16583648768763845,3.085588129810025,1.5355364199745234,-0.39336853486972645,1
127.06459340049338,24.926684018236905,0.19617332689737405,0.03377562608093233,3.1648061294638703,1.569964425893557,-0.9174454275044632,1
133.62670208608478,32.86704200639032,0.24596163411424138,0.23676241967982553,2.9901152518935126,1.3117778005309417,-0.3832939983256325,1
139.93032788138126,21.91596066736992,0.15662051964852142,-0.10867566406655767,3.1154633812764936,1.4391502376784053,-0.34905679358208364,1
140.93054920458826,27.007555953619807,0.19163734269149166,0.14992448124626412,3.032711364394161,1.4512997751544339,-0.09955507580142164,1
130.47549419515005,32.93961038063139,0.2524582151140517,1.041020913944042,2.711468762472099,1.1885490205244704,2.590709873303908,1
132.96508059307558,32.089290785258854,0.24133622633948876,0.0783077374573119,2.784787156568411,1.2818770252305234,0.8017430049459842,1
126.29054863098257,34.680873145027775,0.27461178624193255,0.1828535937715182,3.0603656312332244,1.434807829108279,-0.26830650910359743,1
112.8993382069521,24.342925364004063,0.21561619182728814,0.057461326893378316,3.2251422503837746,1.4575831768295051,-0.7654309063323561,1
141.27779397868437,30.410948457076984,0.2152563938085366,0.42865608266909827,2.8698771753926353,1.5677258622447043,0.7450601014037961,1
126.80006678070102,28.184954698651694,0.22227870547889528,0.12839160454837686,3.005267881189955,1.3234099488353313,-0.34861892433228503,1
125.76046770970476,28.346179940881306,0.22539817525419295,0.4284659612258245,2.842110141984888,1.2836889446098052,0.9832050551046807,1
118.5641314421174,27.003023520927588,0.22775035917258307,0.4262383879639828,2.8312612804207125,1.4625054175170298,1.2105072457452781,1
125.361443913419,30.577386360722503,0.24391380161384232,-0.08869458025432879,2.8401778623657306,1.4666469616998816,0.5550798140543503,1
124.51344978196879,33.376699766859524,0.26805698360542024,0.05781500697211455,2.8857296329160396,1.3597465415475223,0.5711109438979243,1
133.36253622389012,23.62991515284742,0.17718555616831796,-0.17483257341522726,2.890471406871296,1.4026457589462307,0.38355550491878576,1
119.3266214069727,27.817079853166394,0.23311713283403948,0.24089912255688684,3.1106318828727706,1.5297149879665508,-0.43098210038998896,1
120.54769140855717,20.098825213513038,0.1667292420009489,0.3331654006306698,2.8613508628849633,1.3964669554308198,0.20433166138332925,1
133.66996019023904,29.182669855187,0.21831883404210067,-0.13021585461284968,2.9701860034465195,1.5819802664555545,-0.16864624394433259,1
137.56707848430108,24.413411796357646,0.17746551039203515,-0.47020552626669815,2.9443602500376196,1.4606863238131806,0.20486073323924892,1
119.26593556862191,24.376474547556292,0.20438756826362064,0.09302359492302145,3.1582975702780196,1.3115746072414836,-0.710300470665727,1
118.65245899044331,24.746022407172575,0.20855886694405304,0.7019936915265704,2.855854381449571,1.4261776513607878,0.7069902129006036,1
130.78362622802123,23.235628093682735,0.17766465698979336,0.1825920080300474,2.9901152518935126,1.4127387123952095,-0.009228661918848857,1
130.35155375168512,28.375222384794707,0.2176822720414093,-0.5169433280693206,2.645295174055975,1.3444709597859619,1.760571716073593,1
145.2518091582866,29.35737829045598,0.20211368423276638,0.20464551705635292,3.033927823600381,1.4440523243515886,-0.19275102413803058,1
123.12898253426776,26.515133590050837,0.21534437339049292,0.8049491854042657,2.7753926297234863,1.454257446198178,0.5625906250438044,1
126.04006712162177,26.488681764945735,0.21016080338473325,0.43484370948369633,3.1708813799398334,1.3391865015969677,-0.48831311996175986,1
119.03818421215614,29.822934713695695,0.25053250695208595,0.2362106430592702,3.195170425522443,1.4918879180807068,-0.6508925576188522,1
125.32409376254992,27.137220311280633,0.21653633787847054,0.5438286578379138,2.983661571960835,1.3467298126900373,0.3095616346013932,1
127.28854147218362,30.22710925950516,0.2374692090105431,0.12258010730049135,3.111468762472099,1.3429443325750199,-0.4915878299166505,1
115.72994823340444,32.39710408865981,0.279937082692902,-0.240371230650407,2.9038648032664187,1.3667948388299955,0.3946311265013738,1
116.56045814255467,28.952339631908853,0.24838903426837802,-0.5005760473468449,2.8738717941970306,1.5531296283591107,0.4902266440760772,1
138.2533962657838,29.029928973476533,0.20997624476196047,0.29698963768313363,2.9445017531436344,1.4862449333687926,-0.015008773209731263,1
134.23624528473073,32.215580642951494,0.23999166972093483,0.5299698460252704,3.0794580000808884,1.501335105704131,-0.3072631932480192,1
121.75396586773675,30.460577842858864,0.2501814016961769,-0.535294133759272,3.0374606906786914,1.408470675671421,-0.11072796703867915,1
136.11349816209741,22.867506603713583,0.1680032246065757,0.6044260121450431,3.1285638219175653,1.5914595081160434,-0.41520867444339604,1
126.55634140115676,24.223161076468642,0.19140219137408815,0.006238212346018519,3.1752105826259602,1.4352680586910296,-0.9098682468534705,1
124.81081392682069,32.541897179371,0.2607297889944939,-0.15713425593361552,2.8432705717877576,1.3583795192183894,0.32242303618092727,1
137.84244696589977,28.25338481433963,0.2049686829872449,-0.057079480775646584,3.1031998202347504,1.3191381585691384,-0.5402535352229103,1
135.47736161945477,35.99253240804442,0.26567193203204387,0.0664465591480179,3.031874484794833,1.4621314750229502,-0.42578155208130575,1
144.61859482334248,32.17642928160429,0.22249164653348427,-0.10200268125243457,2.97966695315644,1.3948224366165924,0.1363613324392361,1
142.59939170198493,26.325480650707068,0.1846114512586706,-0.06027527349674661,2.9986759997347336,1.462834583114537,-0.01215717066905908,1
139.07802116418264,35.748897280885366,0.25704203282187577,-0.05580544925208677,2.9647512502106963,1.4948844370118874,0.1818436827067198,1
134.62104877794826,26.03619845767647,0.19340362219746246,-0.19233826879749114,3.025486984795373,1.2495236990274339,0.004517482791267291,1
132.3790780209386,24.433907896973462,0.18457529892381266,0.23271973448049024,3.0485638219175653,1.4018199199939876,-0.4835534388264273,1
125.19292542253784,27.859759170729262,0.22253461269237035,0.21891530336908832,3.203590820407828,1.5143100267200489,-0.7869449304971958,1
126.82244192125776,25.9569855466775,0.2046718636973874,-1.21288996524812,2.6715236417252726,1.4874261496784866,2.9594035052811485,1
129.86384026195083,33.95426159464079,0.26146047680517537,0.40339446544956253,2.9681020701914806,1.3558709797416761,0.46280317368899127,1
136.7867385211255,32.57348385141479,0.2381333468696171,-0.15736076651951048,3.1129494408950382,1.6347841847956261,-0.25703199049418046,1
132.0656523668043,28.657836605437662,0.21699689580029688,-0.6766881473164766,2.768618701170739,1.4499037417648235,1.3626107049673308,1
133.91686029294945,29.06461989804221,0.2170348067783398,-0.21883422180041456,3.0279764393853004,1.1023182672817249,-0.03728097187634827,1
131.122033022494,24.615527514543366,0.18772991042871162,0.4416475004683001,2.8629068644806996,1.4720989499816695,0.7582965865134375,1
120.34556447643679,25.933289569552553,0.21549019843294842,0.056174992323955335,3.0251422503837744,1.2895045344477591,-0.2647451611329541,1
121.0231749014688,24.54724204458882,0.2028309211403022,-0.16074392923333367,3.012878689342031,1.4236427890734733,-0.4153237766873574,1
123.46958665076312,32.65317477851801,0.26446330358972,-0.7376478877752527,2.7884930703645585,1.3741102549659265,1.0612315068428586,1
130.4471968529693,27.44470783247233,0.2103894027205968,-0.04609741782639748,2.9974606906786914,1.6229595450391268,-0.015193725907996836,1
134.16712026786854,30.37099097967627,0.22636686931224065,0.4094276568763605,2.8922654849679104,1.5035024569576934,0.0008685775695944642,1
136.5922408463178,32.16465948178676,0.2354794041191238,0.0834286198516891,3.077684365903899,1.4364164759263292,-0.3284863578186821,1
138.24288389958244,30.369811434159804,0.21968444651530838,0.14133885217261158,2.8736144239267065,1.5421160014484916,0.12467778622123893,1
134.89194676125618,26.947451963364134,0.1997706505864145,-0.03285004268810354,2.9888714998212724,1.2594210135936441,-0.29029750593740555,1
135.4972413055344,25.40174711819344,0.18747058518272508,0.0451950906039563,3.182308061382249,1.4555681052454919,-0.718901789771011,1
137.78441993310327,32.53152076861691,0.23610449413955167,0.4386062706726855,3.134555750124158,1.3605112886102335,-0.5033238513303679,1
131.3520868684281,29.69923436950071,0.22610401614136247,0.18541335917966603,3.1990795706241744,1.31388947577669,-0.5493062066714245,1
126.39993773320917,24.265851016621358,0.1919767640063162,-0.028803959014938527,3.1627539408084995,1.5757418675709929,-0.52533145847464,1
128.62903459742495,30.719527479744517,0.23882265443325887,0.013019270437971306,3.117922442404776,1.4532201080838567,-0.6135822233871115,1
126.30431716814692,31.08653903458384,0.2461241209451204,-0.03077286514058592,3.12159351100563,1.4746254552800484,-0.27424372556226606,1
138.41850819438088,28.20680848432163,0.2037791683516113,0.027121140330245916,2.9616241054551207,1.3348291418798306,-0.1659143942097132,1
137.86662348674412,24.63362815204474,0.1786772427513122,0.543130582380478,2.9615935110056304,1.4877705339828171,0.13007944430210205,1
132.9348653115338,25.67676938627227,0.19315301013092825,0.40971233654579875,3.0085638219175657,1.5890404253266102,-0.016647485149687835,1
117.81110561745558,31.464532546231236,0.2670761163077419,0.2678252234288576,2.993689747099504,1.2103195623994216,-0.4000334212771066,1
118.08472469746889,24.239492984635913,0.2052720455311819,0.09471494800008902,3.1537863204943664,1.23040022605352,-0.7963921632393296,1
122.48013480843247,25.526567226220116,0.20841393803285294,0.13674494848958332,2.9179224424047763,1.2571145929708274,0.5147918754113237,1
140.4561456282432,32.84739621323848,0.23386229250643384,-0.3709220464382464,3.0072651905921526,1.4833009269916828,-0.05131474322830254,1
126.4432725086625,26.10957457567117,0.20649239819289264,-0.06030356468704588,3.2281728217444883,1.3293193580069993,-0.9853523541949172,1
127.0386427313218,33.042238868177314,0.26009596889396425,-0.05157864350526758,3.088563821917566,1.4671466061020704,-0.3564403859179759,1
134.62496603704952,24.420671271774573,0.18139778965703784,0.0019056706918903453,2.9883760530500716,1.2805157161161684,-0.06642391480359322,1
121.99566889811949,21.10232425431956,0.17297601172991184,-0.48466422863263087,2.9332234237536294,1.508900823958283,0.33992040734861506,1
119.87666058822806,30.706435028250564,0.2561502370651285,0.33727774415478856,2.9134660718742964,1.5137968343591588,0.10503328140480361,1
129.0750022248337,29.79420067304933,0.23082858926588498,0.059158815072857265,3.1114687624720987,1.4102381307608616,-0.6604683097297013,1
135.57177651679913,27.030726161116856,0.1993831375202743,0.18116877486871516,3.2088840705376356,1.246596087625126,-0.8929767187798019,1
124.69153879308953,24.469133354557492,0.19623731964011645,0.1133256327051342,2.920842105108966,1.2711090888468095,0.19789500019089035,1
120.0330275239627,22.748652111872588,0.18951993947941684,0.22164902954647592,3.236762012601907,1.4028418962478213,-0.703518417364958,1
133.65124739913662,31.565378914887567,0.23617721143013798,0.23542589304140019,3.2138570720473734,1.4217539891024362,-1.0330021152695967,1
137.85962898792005,33.53392410339253,0.24324687618542,0.11510349042189118,3.130044500340505,1.4409359746340464,-0.5271555344925622,1
121.76566296802952,20.965016963018382,0.17217511449449344,0.4259883338792205,2.9331023645672385,1.227028465321572,0.399636985135186,1
126.22433102507598,28.77505784727894,0.22796760033184432,-0.352974612026647,2.9376136143508917,1.2259705487255244,-0.010105010275006876,1
119.44527970926364,24.019936238348,0.20109573435479275,0.16388697297795352,3.1806858798532947,1.2666267381351675,-0.6619500689940998,1
139.03473246273575,33.423142871765656,0.24039419704514314,-0.15432244748823956,2.953466071874296,1.6033853993118161,0.21923045408696762,1
121.50937061422981,27.624981206306373,0.22734856634234962,-0.28943964508083864,2.744439954642329,1.3476625500828825,0.5028338669064358,1
122.18842291959763,23.840493154139047,0.1951125367239297,-0.14257908406320507,3.116300260875822,1.5458942000277462,-0.23797622214865521,1
123.16773997516457,22.17580433943651,0.1800455569283647,0.2915668054709784,2.981147631579379,1.5100884114637485,0.02304483958210879,1
122.09439075709244,23.963779429061315,0.19627256649928665,-0.4411664827863057,3.1326966422445044,1.3641503252630065,-0.4234375187751116,1
133.19582499420375,31.463973525800938,0.23622342162128693,-0.13712732319271334,3.0623902335014415,1.3087096490073455,-0.7500470048126746,1
121.02181818467851,23.48896772271048,0.1940887029714466,-0.20542442464051952,2.938688570451097,1.5666582702951848,0.3930289314498867,1
130.96717093176645,24.709882123877453,0.18867233634260328,0.5705446965160379,3.0462531128416934,1.4906963580480204,-0.27342983410742594,1
122.6758635164333,25.057848123320436,0.20426062148699498,-0.1880463650623319,3.0419170612091713,1.3824169666651154,-0.08438345306143447,1
136.01793918791168,26.0520646035461,0.191534034106741,0.668926536617932,2.9991650443268387,1.3158006951237413,0.420798514240333,1
126.0393733200895,26.66064490715851,0.21152632074305192,-0.4282014297304166,2.874571622423992,1.4438625190943501,0.11688688154289695,1
129.52465911425222,21.846780604375507,0.16866889095693133,0.5583701855224265,2.9380753660769763,1.5019860201487023,0.6776357871375724,1
145.2225791141758,33.79714778538167,0.2327265359941716,0.27068156987424713,3.081917061209171,1.2999224480211569,-0.39095332976620156,1
141.86248174152223,37.70036152404135,0.2657528689842925,0.20480808458495134,2.91366930317988,1.5348390005675032,0.39644734455333097,1
133.6956420101031,32.63386953392862,0.24409075002955255,-0.21404589111408748,3.0938603736308448,1.344014556713747,-0.21093062218353875,1
128.58739891190623,24.78602483556222,0.19275625018702527,-0.25930253015336563,2.7639355548194264,1.2352056872368167,0.9774389426566903,1
133.65813313894375,33.60852598926313,0.2514514096521573,-0.372737503905519,3.025862112668616,1.6247874098338804,-0.03477049359365392,1
133.59625278366764,37.771354523382996,0.28272764943898643,-0.6649086412571379,2.952711364394161,1.376783782342268,0.15026124273371178,1
119.69239659992134,28.567046985644996,0.23867052375208075,-0.34598385653569835,2.923418923840168,1.507911616793565,-0.3572601474314565,1
140.917310959436,33.56238069953999,0.2381707433318902,-0.49723900495655465,3.1725584407219607,1.5873124190047296,-0.4807539152412583,1
123.43153466379027,21.319231528827565,0.17272110880657915,-0.0648084399890829,2.9059791299831024,1.4273282392057611,0.22875440328705166,1
139.87171156517215,28.736690000680568,0.20545033501853538,0.2177323272706553,3.0952105826259606,1.5999244121193832,-0.6787323166648656,1
136.8050375729495,28.0122893785854,0.20476065703098262,-0.6272667396340944,3.064583925262827,1.2423507933921454,0.027007781594405422,1
133.74780019116096,27.62540526314548,0.20654848321737984,0.11528401577286881,2.84451317370982,1.3072937745777418,0.5968482181971595,1
136.842093197912,24.611110482374112,0.17985043861306296,0.44752274254171115,2.89521058262596,1.359850973566666,0.22214375037027656,1
122.2606182619247,29.68675785002069,0.24281537482839605,-0.318883813822287,2.8333763474258298,1.445363327976217,0.1718417039308484,1
136.87204425266498,33.51857342212814,0.2448898429561924,0.12382227198185751,2.9137863204943666,1.4291575801826866,-0.1226476065184614,1
136.3183197613026,29.75340617513716,0.21826417921843705,0.05935999094116618,2.91829757027802,1.318840218194166,-0.32069370133522934,1
140.71507137116112,33.525764501528926,0.23825283372168954,0.23633862011536572,2.655444408381035,1.2305064263638827,1.6057269406481343,1
124.96548342297685,33.25089691791534,0.2660806488890167,-0.01648230188899724,2.9766912610488996,1.3836496344141553,-0.19895181688413688,1
125.7378840875852,30.120932314879855,0.23955335763323746,0.09458962716783949,3.1064957609623605,1.4016610670380913,-0.20231093462614425,1
139.45299577752942,35.439206984916424,0.2541301231093873,0.026805273744224013,2.9844468738904606,1.4619127401255072,-0.06048785042829641,1
144.74449078541153,29.62790378876781,0.2046910637358361,0.23867240773192092,3.102824692361507,1.5064719701044904,-0.3119295145720997,1
137.55725877221602,29.771291195390337,0.2164283547165566,-0.33579902834139436,2.9434540899094483,1.3810897241647193,0.573720088242982,1
130.7473487462713,29.209451626884277,0.2234037776442276,-0.14531219512574434,3.1219719404623443,1.3289449185474365,-0.32440158901579785,1
142.28792329839027,31.510849887540505,0.22145835821540164,0.1692915850088473,3.0279764393853,1.432973311313641,-0.5602902725768941,1
135.9836592676717,27.291597188745094,0.20069762305060507,0.33156031059287905,2.9901974240127056,1.602530416577557,0.07202485910279499,1
117.72033127249371,30.23153571605864,0.2568081094342153,-0.15543276969594674,3.0902681755657126,1.3646372549524501,-0.3915480597539762,1
126.41536771818777,27.58358134869135,0.21819800746205334,-0.0018899776196234452,3.138688570451097,1.2938106780870533,-0.6081159829141396,1
122.14346990557131,31.131508129769998,0.2548765656799963,-0.35158107292553065,3.1946265016771656,1.4637196271191897,-0.6844749937414338,1
133.2672618184687,27.002147221001195,0.20261650800466233,0.5684691769151724,3.0133953203212887,1.2026310745671531,-0.3589472719215814,1
127.69982941592436,29.176660666681826,0.22847846234509891,-0.421582898755172,2.948200114610508,1.440297299308325,-0.05148471004967714,1
131.5970103127058,24.893501242674166,0.18916464122947235,-0.5177851921716334,2.9146265016771657,1.354664379617379,0.1738340212103564,1
152.17050634403802,25.441673678387044,0.16719188422010425,-0.2162289727942152,2.9947086737963584,1.584290458635307,-0.41359863377780925,1
119.17445983832319,21.968313981296397,0.18433743279474046,0.4146482626900929,2.797460690678691,1.4906200738986501,0.6845105525997139,1
130.32251625365387,26.796624318818534,0.20561776344666943,-0.12655376744509753,2.887726942318237,1.517181507060527,0.7396009512882658,1
122.28554582326309,21.290817827648606,0.17410739498533873,-0.12323477414042334,3.0603656312332244,1.4444820171915707,-0.2774474700551668,1
138.00552007005223,29.36598048070471,0.21278844835915553,0.0967199586024052,3.166890062718909,1.4643383448603924,-0.8202406080956237,1
135.20139684806387,25.258920492412056,0.1868244047862718,0.17791950552213356,2.9734807940239527,1.100401137748171,-0.3161180140030444,1
138.7065471703307,37.569329527031556,0.27085476708533934,-0.2566461979678794,3.1219719404623443,1.4510076189452716,-0.3863440466917685,1
122.42620380232088,25.908270014151267,0.21162356758186202,-0.6536424543204549,2.9950882534032504,1.3949124377318918,-0.342136654556791,1
116.44758161164955,25.972840466402353,0.2230431934002827,0.19420525014636084,2.9358543814495714,1.524575473679527,0.4033244986814073,1
140.24343756542166,28.973148490946272,0.20659183056198757,0.2750526385955781,3.166890062718909,1.4333695325828644,-0.7966622107153278,1
131.72074775996387,33.6925162755971,0.2557874658971367,-0.37929248649857733,2.96127326238556,1.3555746780067275,-0.709614129947723,1
136.2359803212365,25.31689880990828,0.18583122278132774,0.054028703101775995,2.95829757027802,1.2821818048212619,-0.5557701203224141,1
143.39092228169417,30.130286923721926,0.21012687863552762,-0.1923097030913323,3.028716745589766,1.467691824293004,-0.07885707268885955,1
125.50115609662224,25.865883629371204,0.20610075981656525,-0.014478174046152908,3.0603656312332244,1.3357677129184622,-0.5782152991192051,1
126.21756449910212,28.219653251327383,0.22357944683307632,0.13831513282088925,3.018368321831027,1.49205899360224,-0.2217756204685455,1
130.8574592024186,34.213551130561136,0.26145663639729894,0.25891404035995,3.008787497142773,1.3268882757740872,0.08348625621123418,1
131.96385542816944,22.586532498827864,0.17115696131750383,-0.9363244880423154,2.938691872034568,1.5588332125511577,0.5384629088330497,1
142.33190830748137,34.153411822145365,0.23995611545067835,-0.3525666827989627,2.5317215611226325,1.456971205533507,1.3126805962641646,1
118.64380056816651,31.06429702821655,0.26182823611056383,0.45651076472020896,3.0004363827862317,1.39849550239022,0.014419889020891752,1
131.61337976583928,35.118764420295,0.2668327831317512,0.26894875184854766,2.9714834846217553,1.371530899598422,0.05551680100841194,1
130.1624078505709,31.548995370760604,0.24238177436744635,-0.7571014097197007,2.933020192448046,1.442544712578732,0.7716445981298126,1
131.29771816362222,27.3704811674895,0.20846120976284305,-0.6334456707613566,2.629360544413377,1.2752731793097694,2.1555368183086347,1
134.58105414976956,31.508692723230123,0.23412428236864183,0.009109643476525478,3.2172078920281573,1.472632700370384,-0.698625984495314,1
130.39077758098298,28.721897113945335,0.22027552597503888,-0.8624637850033064,2.7585629396449165,1.4465998589350397,0.9266245140702329,1
139.88065836113017,33.06845593223577,0.23640477761309125,0.3303785595827816,3.1518744847948326,1.4065119625416984,-0.5382462626389368,1
122.91369011739586,25.93066288881052,0.21096643395901574,0.21643828542830512,3.1020699848813718,1.504311334885249,-0.31748035780821704,1
129.77453347952002,30.570510734526163,0.2355663311966408,-0.2042358876944264,3.066495760962361,1.4606169335402732,-0.5807854688499439,1
118.94737516392868,26.975853043536382,0.22678813220013727,0.06200091580295057,3.0754633812764935,1.3722401951262537,-0.3251538705149315,1
137.6384024774041,32.44431948638922,0.23572141860419774,-0.1912946812653327,2.9883211737968987,1.227397536615854,0.3630547214930582,1
121.02066458782976,26.169733535498178,0.2162418593934072,-0.16503632608723465,2.8762486832061196,1.2984146540305281,0.15862734932328415,1
133.9627623144815,32.45704208490695,0.2422840610640224,-0.09113864276257441,3.1018674938642214,1.483888981497976,-0.36436280578915525,1
140.77536821604747,30.617196429837414,0.21748972720035303,-0.061498260049707335,3.12451317370982,1.691521072147256,-0.7612354570740365,1
144.84375870209652,32.680718160783066,0.22562738259228862,0.13651927726303953,3.2277976938712447,1.2987042363632229,-0.8835142821451099,1
124.19489029701222,24.653398897961818,0.19850574237799307,-0.40750273630684497,3.049806423839628,1.5003019215721198,0.08758459977561106,1
130.78777436167132,25.757149790712624,0.19693851291853634,0.30921500523263407,3.077922442404776,1.5630326731298605,-0.4672702048564412,1
145.7184237469483,29.211328582209052,0.20046420919935876,0.41418753249774676,2.9777346735372827,1.478316170082116,0.42505376336577383,1
146.2783368059382,35.19891294581693,0.24062970440054948,-0.09056564124998548,3.007083143494626,1.493808399563946,-0.48252794484054995,1
135.71375258044472,32.29511569701123,0.2379649452097215,0.48271076290063625,2.7766079387795286,1.4424695357938453,0.3775963249525285,1
134.16167028886161,33.93082980389661,0.2529100132015397,0.5762244950037507,3.0845131737098197,1.3783402594517347,-0.01860705338273627,1
135.74437118029996,32.91629701640616,0.2424873807304002,0.06176082847137924,3.0857296329160397,1.4741431189668541,-0.558794037039835,1
134.4670332527618,31.871403377106887,0.23702020194940446,0.07478275461126058,3.045267881189955,1.300826680433475,-0.016676011812779112,1
139.2706793331143,30.420711888521918,0.2184286888969659,0.2334287380547872,3.1044984515601635,1.3595739395535826,-0.27133545184221486,1
121.06721332965566,25.834916576650134,0.2133931711660354,0.49404613992957624,2.998004614523969,1.3433342458731445,-0.051790932042707016,1
133.7786860135574,32.224918286839596,0.24088230529917043,-0.07435369273413063,3.1141647499510805,1.4741847606714389,-0.16883413219637955,1
122.61165441652119,26.33785451812261,0.21480710494820418,0.03884051561227465,3.1977809392987617,1.2483693365657387,-0.7731860075616943,1
123.89687998828646,24.862302555559886,0.20066931917825884,0.24816843150508394,3.0156163049486944,1.3575966142221427,-0.10390741343635579,1
142.39665424324733,35.43056272046978,0.24881597751549667,-0.4041190362747983,3.0912261143514317,1.349980541464511,-0.3121041164740834,1
124.78514332705043,26.45659526814757,0.21201718860719868,0.24261666119391273,3.043215692534584,1.4549339988145378,-0.16346629452372952,1
121.864428536379,22.204867172234067,0.18220958682463656,0.41386334180221745,3.054779425349366,1.4732826780183839,-0.6603307514840382,1
129.81533653588485,29.99412122156732,0.2310522163402168,-0.32630896697295353,2.880980306631509,1.4739684342412338,0.4819139686161189,1
119.60738829529821,28.798984204968736,0.24077930816336393,-0.04823663615204354,3.137238486477648,1.38652571545027,-0.2277454540407735,1
133.01464990698875,25.165884504723994,0.18919633681193299,-0.06452245489422816,2.832305642071427,1.5253504839381116,-0.06689846787847831,1
181.79058113491013,60.54479252382967,0.3330469166545998,1.9153056697611859,2.3455691569145656,1.2873471580543139,7.014716936799463,-1
163.82972474361964,40.048564330923995,0.2444523690288608,-0.5713799324589438,2.6776021937847063,1.2796499132926622,0.5362212409615177,-1
152.04104435325237,54.514288458542374,0.3585498158765853,0.13201377909351408,3.1946265016771656,1.317928639587335,-0.6675199291117764,-1
154.0931089953701,58.72750863555155,0.38111703384033924,0.05356087704494586,2.953466071874296,1.5474032494053933,-0.09059540323542903,-1
177.8255449980509,77.5060980480494,0.4358546914556,0.7302298585624645,2.7412331052820433,1.3136030507829817,1.4573942388752128,-1
166.36349383091292,55.79547710780018,0.33538293662255675,-0.012852935264344474,2.9669722348381025,1.4893274330203374,-0.0928801461112192,-1
176.92672480419867,67.86671556211137,0.3835865703003214,-0.378286931937095,3.0311553627984242,1.4611708681971323,-0.3862491885366608,-1
173.4175549291819,54.790723067707106,0.31594680878808296,-0.13797020922489558,2.942683189255492,1.2196402520277778,0.11768123791103946,-1
179.22301547536742,89.20853215629668,0.49775154111586517,1.8461680088188943,2.489342204599059,1.4476001125187334,5.074643031929899,-1
169.84228866845243,65.58628188586101,0.38615990399123384,-0.14252790622874015,2.655444408381035,1.4353070747442267,0.6915971406188497,-1
164.1705360950863,63.71488441627805,0.38810182345615835,0.49661826020288125,3.0166912610488996,1.3626428730238866,0.16573345425612596,-1
151.9665231004432,56.064489832277225,0.3689265812525109,0.5149799950567626,2.77813024533015,1.407165561729077,1.371031698284975,-1
184.53493786431565,52.45303096169633,0.28424444481220057,0.2364734281335182,2.93339862190476,1.415799578758745,-0.10197421040126597,-1
156.35197617263933,64.746986980655,0.4141104485252124,0.12339313471429797,3.105800384469047,1.468452121366777,-0.6062773180179044,-1
186.86590737560263,47.06829380816775,0.25188272419088165,-0.15772190031493372,3.199919751806974,1.4460101601087076,-0.8517898145938885,-1
163.84464911883683,69.33774849264148,0.42319202284324026,3.5753284608721496,2.0223593229707606,1.3961493311224482,18.978641451594324,-1
169.461969434402,50.53016496818081,0.2981799700359367,0.11559902053151709,3.1496535001674273,1.140360092919627,-0.4829931975329229,-1
161.89404613648728,70.71720784537597,0.43681166499326807,0.8486781234989536,2.7884930703645585,1.4418664430383497,2.03678926084074,-1
164.13792144379897,66.72241267399147,0.40650211777439443,2.413301860988489,2.1859374358414136,1.4582819802016045,12.008519368676408,-1
168.1453260699244,63.782014065601246,0.37932671431543125,0.1340081163070657,3.07387179419703,1.6287239213285667,-0.2477782250050864,-1
161.1155327990133,58.13051132703348,0.36080016815976096,0.13096588047743088,2.7265978472532924,1.395480559717608,0.7625150648592274,-1
160.0764808211271,67.18723165926137,0.4197195697620179,1.0953999919838693,2.67218862475694,1.5406608945196527,2.4638242652018647,-1
169.1883596393396,57.82889870575984,0.34180187590348554,0.6090270676351498,2.9097950032734423,1.3577922861476992,0.6407311590816622,-1
162.33671452346005,53.921751916998055,0.33215993113625303,0.19047219804925677,2.8158543814495713,1.405624716597934,0.934090791744203,-1
158.9499634611609,56.596500998466084,0.35606488838416955,0.14664022609827876,3.156300260875822,1.5326738665469475,-0.44501654666003665,-1
185.93098414825948,68.99538963192553,0.3710806455846504,0.26386003937210156,2.881076880026372,1.4063923271933987,0.43220427373191583,-1
166.58798608931792,57.114903479666594,0.3428512752957097,-0.125173032911297,3.0787593220041045,1.4409229576876015,-0.4458889759610023,-1
179.4421712422157,59.428420805317266,0.33118424946552416,-0.3356498914873902,3.2317890110921685,1.5155882596198011,-1.0530208728470785,-1
164.64755145303164,48.11632644146706,0.2922383358685599,1.341975585909345,2.4095134680855774,1.5916528325971382,5.702356642782483,-1
172.12655484563467,63.742225606726656,0.37032185802993334,0.12726095606738017,3.032852867500176,1.4497811066402402,-0.2918657775924953,-1
177.25435171987192,64.66861132589953,0.36483511235932925,-0.02379657007306318,3.029158053396227,1.4462908239694192,0.16054336769619137,-1
161.5149568895691,48.91625156432006,0.30285895811968083,-0.5248979457150202,2.8339827028535547,1.5571961444686317,0.7649573600650443,-1
151.94518069170033,56.45552092498015,0.3715519022582854,0.01730726371327844,2.9683674395583775,1.5178970108208678,0.3147070273312469,-1
167.93263561005057,65.10764715795331,0.3877009785586709,1.2634487213242076,2.5211835379370933,1.3490161875982498,4.7237791448731,-1
152.92421300159086,46.96147119127265,0.307089834039454,0.036508404124440834,2.9543029514736245,1.4358852342883042,-0.366505985790051,-1
176.00149096467604,74.04318946860553,0.42069637627937023,1.8992992818765062,2.366769743820952,1.3476906642123252,7.825221312543032,-1
158.98443003841044,48.485427112750564,0.30496965709809787,0.6760353667421222,2.8672810628919865,1.4969949486504972,0.3159598144462983,-1
160.88916568687029,50.863884529933486,0.3161423848074833,-0.08996844650593756,3.134262794370108,1.4506651298354893,-0.7428052839638255,-1
185.91150599531625,68.23243722565498,0.3670156769499462,1.880375067712051,2.35637596907722,1.4502705053150027,5.520978115273433,-1
181.82464231980654,51.535057279890815,0.2834327438920362,0.12549715963703023,3.0547794253493663,1.4946132450068421,-0.5625637695482419,-1
174.01430221450894,59.43200760023547,0.3415351890270095,-0.2970557034088929,3.125588129810025,1.4344364054059588,-0.25526861108324894,-1
165.1360408891902,51.158650315639335,0.3097970015519984,0.8240379533056204,2.810764362625347,1.3676075581997273,1.0526015789022898,-1
173.90820927816924,46.42855233513819,0.26697159684322264,-0.36678515224010455,2.8621248641345445,1.4591100900887113,0.8202884804109258,-1
158.61548594504916,51.00072628165417,0.3215368662005858,0.028685095728529533,2.9529494408950385,1.4330047368194787,-0.08444031721648493,-1
184.83094502793108,75.51758239504339,0.40857650965119185,0.2647184187142032,2.928618701170739,1.51821555409897,0.2676899037093641,-1
177.9954153121929,58.795961143446426,0.3303228964651812,0.01359591752799919,3.1199197518069735,1.5202143814771238,-0.740316303767401,-1
194.82398076069134,71.26852147633807,0.365809800200518,1.612565470386747,2.403532323489993,1.3766875980182367,6.1873652701321795,-1
158.1717308565914,51.34996198394217,0.3246468993280432,-0.0046015201052168565,2.9720629939507597,1.3425477627340368,-0.43902817241518566,-1
181.74637285319136,80.86833838160526,0.4449515944228939,1.71219323850187,2.3856003844451976,1.176244571761618,6.229676914908866,-1
180.06696564456277,52.33816616059807,0.2906594553490131,0.020539242864456006,2.7855691569145655,1.3421761725376042,1.2235841068824431,-1
159.6704312013327,55.22227631995994,0.3458516138803978,0.3305458941245294,3.021233105282043,1.3095669419489782,-0.18196257409539784,-1
164.43752912731642,49.75221339580763,0.3025599670576829,0.3476526808137484,2.801183537937093,1.5010167474033935,0.4704647096642436,-1
174.47339947199896,46.265080120366385,0.2651698210751686,0.23377119832447182,2.4454711124955386,1.4851435685217118,3.3995847619092796,-1
167.5031074007803,46.61593430813207,0.27829892251846616,0.664900247423607,2.867012391941619,1.5945161968121222,0.7250212901396074,-1
173.9096949780335,60.922826889462065,0.35031299949756806,0.4635007354874909,2.9780753660769763,1.4410373572593107,0.01420296781264252,-1
177.22845808608997,67.12773093765112,0.37876383771867694,0.403267521804217,2.768594416367056,1.5362216966346027,1.1866102314628604,-1
169.78225840406517,67.22253211980637,0.39593378455258454,0.6232763816561191,2.7368876434080875,1.2897295583681032,1.3744743898197767,-1
173.4702248536992,89.50097753912122,0.5159443219411532,3.6029498997671707,1.900568862538808,1.481522158970166,18.52204037118751,-1
177.81547193318892,65.57030735660732,0.3687547919409635,0.0702468712818073,2.9444984515601633,1.5182112253772557,0.17497679463810556,-1
159.70641854737912,68.72914126934431,0.43034676936891464,1.0784316781672885,2.486911246926967,1.5186050936603521,4.576112182208894,-1
189.59135617519442,69.73714744118934,0.3678287283136885,0.1843588517273423,2.9817497362613015,1.3308249508038525,-0.30925420601208575,-1
175.0387854104109,62.068837120838026,0.35460047883276913,0.09103390551969506,3.181147631579379,1.3918817023446908,-0.7191409167575258,-1
164.1584245943142,48.20132988571204,0.293626903430831,0.2534023888952236,2.8117215611226323,1.6225572219562092,0.45809671944531605,-1
150.54693964379862,54.12437933544942,0.359518296841572,1.0289033864571537,2.8525035614687875,1.5352699898101037,0.9300856199350749,-1
187.66438680020445,76.8375366382164,0.40944122616093875,0.2354928076852362,2.813223423753629,1.423405163603418,0.7765355584166715,-1
187.08858418092214,75.12060147693785,0.40152423947093013,1.1462274490274023,2.6530962559092766,1.5086711243373385,3.015939057893272,-1
166.8717665552798,52.23139871517403,0.31300321074908305,0.05938246584954315,2.8784390733840346,1.4915516356436607,-0.10952743423213374,-1
157.2592200077546,65.6050615718459,0.41717783903933164,0.35636467290119783,3.091022883045848,1.2350540767748666,-0.42385043695987834,-1
195.200328389871,81.6767172668659,0.4184251017433438,1.493517814289284,2.504208797389584,1.4124070567556208,5.118076013290324,-1
158.74993813930578,55.689032652877,0.3507971927775425,0.07357063857888348,3.0664990625458315,1.647713029473219,-0.6969287402239082,-1
182.55803878993405,82.23221743296818,0.4504442421601121,1.6618978020060813,2.3989625533096883,1.3271840592049458,6.574096638555641,-1
175.39565617960181,94.4401904541748,0.5384408742567138,2.140980126696162,2.2334095724342253,1.2926697536784248,6.3176031687465155,-1
167.76498069771955,55.150536526118756,0.3287368811819523,0.16096951126084885,3.0743029514736246,1.4072361542385114,-0.2574957765861168,-1
172.82951290503263,63.96464737133069,0.3701025727387102,1.9215341580227736,2.408618701170739,1.4397912956186678,6.807589767230338,-1
162.982991640158,47.401159155175264,0.2908350047950397,0.5782006671613669,2.7909554330763116,1.4252159647771354,0.8196470778891083,-1
165.50623199188652,53.150634840068626,0.3211397794535869,0.15243036229481918,2.9667697438209517,1.3704213600497706,-0.5568995439801911,-1
156.52046857045843,50.06177988642566,0.3198417455790462,0.4894434993088884,2.8639851221643755,1.6152627982127576,0.8111226133666376,-1
177.5386396051218,63.32277727995938,0.35667039817811347,0.5462337458522898,2.8283211737968985,1.3498774516475587,0.2949776308458616,-1
166.63147116562777,68.754856258554,0.41261627096968545,0.670413000242406,2.9285638219175656,1.5364170122935823,0.7247107385310865,-1
193.822021308661,93.07895748074827,0.4802290103688492,3.6979088534684643,1.942683189255492,1.4156751209703202,18.999168820919532,-1
180.111397945607,65.96297420590307,0.36623431364306913,0.06296530718303156,2.7667697438209515,1.5926436488465707,0.8644490348997245,-1
171.425677090927,79.58107579352414,0.46423078003252116,1.5624777969124763,2.5787740441537608,1.2599914576215028,4.323313749518146,-1
178.64202803705209,59.28155683031948,0.331845520797737,0.2638390932869172,3.0690097013438162,1.4927837441220402,-0.30420301194876354,-1
177.18253160248037,67.29187176191648,0.3797884088985128,-0.06086676334083368,3.045295174055975,1.529676465396532,-0.15372370428403226,-1
177.8085960150343,83.89094585631213,0.4718047818634082,2.264989671601571,2.345713760616206,1.3992373067183683,6.594379989205715,-1
204.84272850474207,87.78046442805376,0.4285261432944722,1.0680975161761772,2.7253227604431287,1.4727334317225416,2.42720156587043,-1
175.5092006651099,63.74216266016747,0.3631841659503325,0.5330502423853317,2.839974631060147,1.43583839749782,0.6674381276271846,-1
169.65873531429665,61.47555774908488,0.3623483202040851,0.1688769431915709,2.942069984881371,1.5869950267920607,0.3186582569491443,-1
166.0011611544842,64.78508794466882,0.39026888423014366,-0.10983487901633847,3.015072381103416,1.3242426436703685,0.09096717547862854,-1
158.2447003582461,60.956184728243436,0.38520206105004656,-0.08141858414604196,3.1582975702780196,1.4806506227362595,-0.6266037668009199,-1
163.3093677011365,52.40655870816706,0.3209035675410453,0.9244433176274184,2.7258118050352333,1.35894672468632,2.1761573936048126,-1
171.55961882889682,75.58077251541359,0.44055106342240874,3.0916787303663793,2.0975863214848722,1.5211731441880902,15.114389812012622,-1
178.5109658109225,64.88541754209125,0.3634814099365604,0.19164274249411883,2.9534966663237867,1.3960091854357757,0.024718683551865794,-1
160.8558295825531,63.04888519524896,0.3919589694627233,0.1726919701412138,2.8568876434080877,1.3178981213692582,0.8716677028700852,-1
168.16389628089365,57.178616531567734,0.3400171962955655,1.6543117622343624,2.3791467045125207,1.4343018727779209,5.926127915630454,-1
180.03469735985178,55.4694951356735,0.30810447068878927,0.055974027421511266,3.181147631579379,1.3528043629547093,-0.6715443093325519,-1
178.94012288782645,55.287771467270396,0.3089735861080696,-0.5558061552893325,3.049806423839628,1.410946144054346,0.1831285003688965,-1
177.1361533902104,67.48287547082477,0.3809661335603682,-0.07541243301162397,3.1518744847948326,1.2900149702916728,-0.48485672886729336,-1
164.83412050977245,61.95687922590731,0.37587411534879456,2.0358191124703815,2.3639904340725995,1.410618627740196,8.100281776723337,-1
182.44146200989206,71.16678816799094,0.39008012424353544,0.08554410512588782,3.0721674405488835,1.459157934506942,-0.5694475957441965,-1
146.72641803069462,43.36343385895139,0.29553937485122767,0.09591714078077196,3.1109521314928408,1.308884934605289,-0.6026602047732097,-1
175.77431054703027,60.59528374679565,0.3447334457362741,0.213447708410592,3.0296535001674276,1.6072800899808486,-0.11881282126909198,-1
181.68163393053445,69.19662407686762,0.380867468988774,0.970774700573489,2.691510777487775,1.4615974817273618,2.0528785319595126,-1
157.92564216935511,56.27010982223077,0.35630762078452244,0.06154154667386061,3.1076561907652303,1.4094542125401819,-0.42923288990937136,-1
162.08590680205486,84.62866812788197,0.5221223103081598,3.181441726720779,2.0240851151694574,1.4571923724410618,16.899839404455022,-1
176.03743200556954,51.56061575348049,0.2928957504438556,0.5851504513465199,2.8972078920281574,1.4543444806228423,-0.03350773813787322,-1
170.17769408666908,63.435770899771526,0.3727619606096237,0.5421448275219224,2.9037164512140086,1.3052284023647769,0.9546581045198366,-1
212.5411958401799,113.77375474957988,0.5353021295463676,2.3156310475223845,2.2113915470012966,1.5257923998325778,8.688520321360999,-1
182.72201067744373,58.32862975527313,0.31922059930831065,0.22745534825820765,2.8225011421579658,1.5347483306631122,0.11366321320134043,-1
180.57403974696547,88.6709506840759,0.4910503791593111,2.7412572154079817,2.2035941219912987,1.502161991992339,12.8720428866675,-1
168.55920130187786,59.16969071623167,0.3510321018326543,0.9502246061027669,2.650030099064836,1.3987074467926692,3.3536842480161138,-1
180.71763284303393,59.63155883629183,0.3299708938091618,0.011486626539533085,2.952305642071427,1.4246138017332761,-0.03356917232297274,-1
177.4367103683051,65.8130960835489,0.37091025835037605,0.7971592026574056,2.5896390988917584,1.2291802174722875,2.321500784148249,-1
165.80304384790034,55.67947416529593,0.33581696012995743,0.40743367033972977,3.037460690678691,1.2715458224062761,-0.0281246564817903,-1
176.04838609963153,66.37282947989613,0.3770147000514596,1.3428804129557381,2.6690097013438163,1.4774475760429846,2.8145814157089664,-1
165.2471486945274,62.049352111603405,0.37549423758171224,-0.11479443573928833,3.0782975702780195,1.459180084404116,-0.7539966865876764,-1
172.13816821907048,51.36536155020825,0.2983961202888976,0.6861264586954279,2.8937400547328873,1.4639180241153205,0.3911509418272492,-1
163.63749844693567,50.75095175311604,0.31014255433374,0.6259111028211454,2.5505970376774774,1.323868388566547,1.9604908310602234,-1
172.15136620674326,60.38812192116003,0.35078502861625616,0.5930341066135083,2.4185715531366108,1.4670435265488264,2.824929544759799,-1
173.1856953215708,54.12020786329433,0.312498141158853,1.1566820668172078,2.7091580533962274,1.4132673164932634,2.5871172080843365,-1
166.0704134351836,61.479081004805415,0.370198879698703,0.5973176336036284,3.022501142157966,1.2084401044701167,0.07508895598407683,-1
187.5270717111971,74.64671514450104,0.39805834146155417,1.021052737625567,2.8007566314063017,1.4399665938071466,1.1619406752954973,-1
176.7477613800942,58.59857809328122,0.33153787994669753,-0.39808612783241415,3.0058118050352327,1.4478895328417116,-0.3026298860456147,-1
166.82375788327641,58.43937223705612,0.35030605339765275,0.5537557829471283,3.105045676988912,1.5416223763966694,-0.2399379481144308,-1
170.02424984027584,58.68772110250637,0.3451726512990869,0.771517311552577,2.7344285822798056,1.3976176332509067,1.1457863993227235,-1
162.45490552381722,63.00988651298155,0.3878607808721651,0.8236885041251402,2.940568862538808,1.3323646427790512,0.8819756579202558,-1
151.54924619766498,55.550605738891726,0.36655151465707275,0.669195498253766,3.098368321831027,1.4326804456140476,0.08342130837752038,-1
170.76655070073943,53.66384540802389,0.3142526752915875,0.37191918481716674,2.9714834846217553,1.4189083715251367,0.12640281171891887,-1
152.17142465235727,50.913950351267935,0.3345828592167237,0.06914773263793404,3.2075854392122225,1.5237956726827746,-0.7825875381119118,-1
152.18752611432075,49.93241856211844,0.3280979712135542,0.2786353752940556,3.115783629896564,1.1899788880909534,-0.2811301078683033,-1
160.61441030101778,58.15974210475128,0.3621078706185228,-0.10030233055466406,3.05672185549839,1.4466595323591387,-0.1801601956308878,-1
179.9508076120073,68.65616548494965,0.3815274096072939,0.5265825208011214,2.8823439677399625,1.4654278412394135,0.7859583389509215,-1
185.77315901034007,67.51759098798621,0.3634410447002638,-0.053898019065973704,2.9476561907652297,1.4899047933908385,0.43730534824329714,-1
170.63129260918902,91.72530260257848,0.5375643658321486,2.894586054499997,2.0425094003898274,1.4351787832342824,13.118827714443782,-1
179.76685057889293,56.823023231254695,0.3160928894747322,-0.23544447869047888,3.119974631060147,1.5529337231208318,-0.5920271765777763,-1
159.8050165107591,59.22488524691132,0.37060717204033405,0.3758502313249275,2.956007305121772,1.5598850014016863,0.08469037316201966,-1
163.3303908248982,54.23724429437184,0.33207074335919534,0.2906200934193467,2.727692097122944,1.5061955855433922,-0.003740311960213294,-1
154.91686166933295,56.09911954144303,0.36212403825469636,1.080798874834685,2.670225010399859,1.4729157789084077,2.5800870366061286,-1
163.81503300550375,67.87253127559394,0.414324192538017,0.07129146731900514,3.0500445003405052,1.378182934165076,-0.20756086319854994,-1
187.74653588907466,71.04853207507755,0.3784279253868886,0.633679079469586,2.7458621126686165,1.185032029432134,1.3054286013471863,-1
156.68852631937543,54.64584115988398,0.34875457982481967,-0.07217497136799664,3.179470570797252,1.266462344149561,-0.9597166791739813,-1
165.3916796919944,72.11974395219545,0.43605424460591125,0.9342444259454746,2.7844120286951672,1.3849673477195001,0.936677842712454,-1
169.12093321201854,52.00994626825647,0.30753109789817784,-0.21504613952834123,2.95540850202332,1.449223132816659,0.3180863787613841,-1
178.38599185694625,44.05351198948459,0.2469561176351369,-0.19366626222404154,3.1235908204078275,1.3646600836365566,-0.49050438434223587,-1
182.631675465937,55.74262963922711,0.30521884824751433,-0.7875862666431123,3.0321125612957105,1.3221613058088202,-0.018427903617104224,-1
179.8884748544693,85.88619926566416,0.4774413665752991,0.8908852653152305,2.8550175018502424,1.4221878705282929,1.846579329048362,-1
155.27792663063568,55.36119270474817,0.3565297006859032,0.3765886118425861,2.9648927533167115,1.486478425101968,-0.24779095710277899,-1
188.45710248343352,110.32403378786785,0.5854066115527059,3.62180393419936,1.9208945168476554,1.419460702067012,19.651553608790483,-1
169.0945561369049,66.13280192208981,0.39109953290599353,-0.3348921341776897,3.0412732623855603,1.329074094877833,-0.12312197227124688,-1
172.09070341819873,75.82532572990023,0.44061256200247273,1.4932006273594405,2.407250789316483,1.5156983224799363,5.401628995237182,-1
182.53679568369586,55.20848470001503,0.3024512646517671,0.22473980865733179,2.9135788384429797,1.4674246998246925,0.48326345446240504,-1
161.14836744397653,61.59324614702671,0.3822145214622773,0.6957931063581082,2.487488865817361,1.4928319479375403,2.9627167790224727,-1
158.82460201919864,49.79133815874763,0.31349890083608634,-0.2693110608281098,2.9923362365209174,1.465542027896421,0.318461141602731,-1
181.03364458949653,88.0608365252187,0.4864335396047589,2.387219623999447,2.120294879680217,1.4655055619632493,8.153754526723567,-1
181.06929039315762,57.379661895766226,0.3168933935245296,-0.17689890862136332,3.129400701516894,1.1850432513843299,-0.45166231962713566,-1
155.6094745037516,50.85341075866805,0.32680150691879634,0.05181833026145034,3.1856588813630324,1.3467736656383078,-0.3688144928300332,-1
166.05254886129777,50.40183321674441,0.3035294162141685,0.4125549266930962,2.9183830439806835,1.4724301553182924,0.3202027038161015,-1
153.05209107156327,54.56719108940262,0.35652692300615735,0.11193818026176672,2.6899173324961523,1.3389656186856618,1.344364454368261,-1
168.1311762058199,51.55489294048546,0.3066349388847068,-0.15222420232610118,3.0771677349246405,1.5063948023114153,-0.26931119556474625,-1
179.7247339531402,83.89490994119255,0.4667966845513125,0.6941077521342179,2.671412733068748,1.2452718661128426,2.1684564573899054,-1
173.16574333412188,53.28376795381932,0.30770386179100523,-0.08515741217020693,3.038439073384034,1.4860594208797135,-0.26670180173360425,-1
179.09600369748688,60.29582094811597,0.3366675956095722,0.4600389741173212,3.0125584407219606,1.4687727979078282,0.3532545832951053,-1
177.75468781510943,55.86915241927296,0.31430480459331095,0.14795404811576945,3.0998490002539665,1.4924637461854648,-0.604017210233815,-1
180.90280310985642,55.88366594593827,0.30891542300758007,0.05827723471524145,3.1456588813630324,1.2991190462857236,-0.6093893148565162,-1
177.43564526016544,60.44084710707279,0.34063531608009906,0.4682728234593189,2.8001128325826907,1.4003080688819791,1.2110436420297006,-1
182.35374250718309,76.82745687225139,0.4213100088649131,0.5713479581277477,3.0684930703645583,1.5134689956066794,-0.17348551117672661,-1
164.69102207201948,57.61537965745252,0.34983922579736787,-0.43460046503454824,3.024178202940093,1.6954114109508724,-0.13682359894868545,-1
180.78044314219989,46.15045931008904,0.25528457895076406,0.10400987335072785,3.1518744847948326,1.3274860505891644,-0.6616465620924878,-1
155.33662020180847,51.03418957632007,0.32853933290178483,-0.27000418779763286,2.8941773206674437,1.3925488685628329,-0.022524553790152613,-1
186.13039568907044,80.26493081109248,0.4312295716878747,1.862492255172771,2.322488571441603,1.5578204932416677,7.562442610420991,-1
159.24585828851167,63.77409453462096,0.4004756872174286,1.137541166653217,2.405029804689078,1.503045960781473,4.461560255439055,-1
162.77314978697507,57.038153658377354,0.3504150023085778,-0.2902218893243606,3.128884070537636,1.5767705729337544,-0.2706123106229703,-1
189.38446167062415,81.56109469070566,0.4306641314246573,2.214219452750799,2.2691580533962266,1.334005520185181,8.37188813413039,-1
182.71026552816554,58.295431650004055,0.3190594216558542,0.20234682374268811,3.019205201430355,1.2793999464236387,-0.8347723337577415,-1
187.33284860757578,72.69135460250155,0.3880331460435706,1.1289361371947413,2.534369452280829,1.4616840865272709,3.9776092764049693,-1
142.98358100015375,53.01350905472666,0.3707664102682507,0.49257145489436416,3.0897242517204346,1.4070085325186463,-0.47575311538043996,-1
168.88010767618596,49.72160038724581,0.29441952087443585,0.0704797011867495,2.8392759529833627,1.377413301803278,-0.061815301188862914,-1
162.03055937978962,56.403176029329515,0.34810208793468367,0.9910323924961684,2.7053659256089824,1.4574115290406129,1.7063324253110217,-1
160.3330788879931,57.44949194353567,0.35831340819987145,1.57937703135384,2.3544997188614136,1.466110722560587,7.083428871293023,-1
168.1745285768078,59.058000137884406,0.35117089750551456,-0.2206521207854584,2.9350996739694364,1.4068784905286718,0.17113667001794974,-1
163.78290595252463,65.52800084793978,0.40009059838597705,0.22325667459771445,3.1808273829593094,1.4844927135788806,-0.8291315949385236,-1
174.76087738158745,64.98762655190336,0.3718659892625966,0.24536425640479606,3.159458000080889,1.150361564676546,-0.21841388010908114,-1
160.46941074809493,60.17994966752989,0.3750244323013091,0.6277118599294598,2.8149004845357566,1.3290685390615682,0.8934494997473008,-1
165.64326733550794,47.290405484859726,0.28549548825956034,-0.2044917622379856,2.6872924834581724,1.4565729200626019,1.0979657246527479,-1
184.98964426083134,66.99366513141536,0.3621481915871775,1.2936166753645544,2.6443761223374533,1.3693104583130764,4.332506175716589,-1
193.60902243643682,72.3655215371344,0.3737714318602714,2.5928323419908432,2.2179822783063403,1.4426583638087676,10.91994197740232,-1
188.10795132474513,78.21076159055089,0.4157759469483014,1.1771047861697912,2.8163149830254786,1.423726139773188,1.626233260357652,-1
172.03820159240396,53.02407362312268,0.308211043432948,0.39973788622896267,3.018368321831027,1.4565727007497646,-0.001712355689667877,-1
149.2240448089535,44.58171125068307,0.29875688805888845,-0.43516852438932685,3.1775314422316985,1.404259026075749,-0.2088257235948494,-1
167.61493235229716,94.47465262550892,0.5636410270830751,2.9146111345384216,2.0653386327429626,1.4713062930435639,14.456326346838722,-1
165.85048949687825,60.62488913051105,0.3655394042816628,0.030950302397986938,2.9303892347521034,1.5123661473065746,0.6646424892009124,-1
180.6484979841236,54.34708584923075,0.3008443826308873,0.3616761657943234,2.844431001590627,1.38072549943068,0.6416242130470904,-1
195.30190770147496,81.64877660504158,0.4180644089244856,2.6444169995304008,2.1206313214741086,1.5753565912551124,13.600389248302655,-1
169.014224362432,70.31884823557621,0.4160528411193684,0.3597585541894643,3.0648220017637042,1.417210420332798,-0.46736098164949613,-1
173.67672290176225,58.6430127844656,0.33765614530645066,0.08542468116645233,2.949278372294184,1.41118636981019,0.5370277098515315,-1
173.0826086277097,76.92671855229395,0.4444508848243598,0.29824861183674023,3.014060303352957,1.423568299220438,-0.2331787105490526,-1
177.51249172109743,80.33646958006955,0.4525679787442335,1.0308368385564142,2.631636408293956,1.3594295405419734,3.2449568331951255,-1
177.7580054629482,67.65988858850635,0.3806292066131972,0.49720338422712573,2.8099173324961524,1.554698335059111,0.845674355736207,-1
167.18332975078894,73.52543935103279,0.43978929873351097,1.2349808190018634,2.370784806544971,1.5420483007920776,4.249288560505845,-1
140.84086953434485,44.021015902936696,0.312558535377417,0.34566791026989885,2.85206299395076,1.4197664167186126,0.48440720851840435,-1
175.0849795905063,65.17945282811597,0.37227324114586824,0.36917480471273906,3.022308061382249,1.5922536864094408,-0.09407580910385205,-1
177.235401493669,48.60650412882789,0.27424828064366225,0.37831443449437563,2.975017501850243,1.5461454976426738,-0.2555037892324479,-1
186.15626594553345,55.096886271571144,0.2959711616029711,-0.5407837472684246,2.875463381276494,1.5376839773305098,0.5738083433725607,-1
167.33154129786158,87.03712400642382,0.5201477457946305,0.9293033109302811,2.8356666125820773,1.4153203214796979,1.3183819715769776,-1
183.54467297303665,69.33984736812332,0.37778185683607163,1.035236625884659,2.753227995373419,1.4978015180123707,2.0083563571763463,-1
167.02455745400502,56.49320715230441,0.33823294019420724,0.49903343104261316,2.8823439677399625,1.2799550098035273,0.31276168602159515,-1
168.50988863440728,57.31482997390767,0.3401273980914899,0.36765641748247285,3.0615260610360937,1.3776178229836542,-0.8858592136827892,-1
179.5157331088399,53.67797924555914,0.29901545851145167,0.038750396054231244,2.9878798659904375,1.185848633371135,0.0018219750417420855,-1
161.3364957181925,38.43918079133173,0.23825471490637612,-0.24135596172083612,2.9843602500376196,1.291383007021881,-0.4662166831725303,-1
161.42737004605752,53.08666230747493,0.3288578776469477,-0.17430776915033155,3.2219845111787078,1.4253556779257115,-1.0797231193301302,-1
169.66428536194275,71.47754767539764,0.4212881191991318,1.2790674188808424,2.5466372640683757,1.2165482018712988,4.367479650619848,-1
181.0711261520207,76.4300500928541,0.4220996009528666,0.31847551226059084,3.0754633812764935,1.2886788352362641,-0.567984828500196,-1
172.49950593380865,60.54739808536421,0.35100041450899805,0.15366088724643767,3.077405811425518,1.4064690851093693,-0.6453825869627887,-1
166.8622524509939,43.37855626670904,0.2599662633671385,0.24330621402044536,2.9254711124955386,1.3140207703043216,0.11214133555454353,-1
159.89842943421993,58.24083588740993,0.36423644743408456,0.36446030712545724,3.0399746310601468,1.2821710373572288,-0.02470632117145266,-1
164.67809201514356,50.16093783054863,0.3045999453645352,0.40449495749524733,2.9574606906786913,1.445470193456841,-0.011278235932444147,-1
151.65299952979353,53.41598059091229,0.3522250186711161,-0.036609525771761665,3.0910228830458477,1.4032515901080174,-0.488839244361468,-1
175.61771143296326,67.31109564219315,0.38328193149178535,0.223649687700455,3.11540850202332,1.524008250559786,-0.46443693471781966,-1
174.86117905331258,51.515535702313834,0.29460819137338373,0.934642934211846,2.6711553627984244,1.5877813678693078,1.525450895103961,-1
178.73881612676337,84.6653299290885,0.47368183231695454,1.1361610611915554,2.696887643408088,1.4935764519053807,2.11565560808266,-1
160.75382277844398,65.33981842622433,0.40645887790972,-0.1144045639941739,2.9266519862180322,1.3748009679287365,-0.15782102056659086,-1
201.0769573958695,97.23551346851583,0.4835736263757154,2.561004858757454,2.1179461176061345,1.538490160937533,9.963061743514581,-1
175.3952172709157,49.94232917924252,0.2847416819929675,0.5512613183169005,3.011428605368582,1.3673539114200797,0.2369341358146717,-1
155.64599981878786,49.437187981833596,0.3176258178134437,0.03807597714521891,3.0674181142643526,1.4424552085468045,-0.18329666928884958,-1
198.11330447680652,72.33487537346916,0.365118716102873,1.6246678734541489,2.3422459233209354,1.3678637341989452,6.117190065430277,-1
160.6307447510939,52.19084103032201,0.3249119034540652,0.0958282107583651,3.120518554905425,1.3521564040904404,-0.6308364113189358,-1
173.5738089491587,58.394880569676445,0.3364267968952668,-0.0625919316360348,3.068716745589766,1.3807615456068327,-0.21439762867495515,-1
180.68721472079957,62.608627220604774,0.34650280772410214,0.05354743057304018,2.986495760962361,1.49463409834977,-0.012816713241824651,-1
166.41400846557994,53.48780156604442,0.3214140567806076,0.32481964816576275,2.9444984515601638,1.2903873182463017,0.5112900339425797,-1
175.6844748691975,66.34390552489397,0.37763100908198666,1.7038043774053435,2.3664283109928244,1.3237311342792724,4.3054135978365675,-1
175.21578978970814,62.07866228672332,0.35429833327937726,-0.07663332752580097,3.231789011092169,1.269970792538638,-0.6231085831027512,-1
152.6249092920731,67.18515513660081,0.44019783827049397,0.9401365187430984,2.5841782029400933,1.5475882262276865,1.4031672749748632,-1
164.9667393182956,69.60422569965938,0.42192884448883533,0.2110885760259463,2.972558440721961,1.3054169695441649,0.007310634418371986,-1
175.94392297697283,55.23164675591286,0.3139161945544517,0.2013832446717969,3.02588255658824,1.4482085765930983,-0.18902942983047533,-1
155.12943266306576,59.55163906383732,0.3838835612399927,0.17089047924335518,3.1529494408950383,1.4714788614362093,-0.7385067896648736,-1
177.89273387469257,70.57666507003215,0.3967371996191046,2.127943192853542,2.374693951646702,1.3813584709744517,6.777861454488374,-1
170.41337821380165,53.46003477200743,0.31370796901248066,0.6112520599976731,2.883215692534584,1.4105168607381136,0.9675226950063038,-1
172.31425572918744,63.84927416847097,0.3705397089653324,1.3754510492364294,2.3817191418118107,1.3194221074689354,5.698313351529617,-1
181.41216210680125,87.52754639326832,0.482478932926994,3.362906930050478,1.9651425712577617,1.2929709707650283,16.61637656311708,-1
165.89131631985805,58.43452444796903,0.35224583024768075,0.02122065105342548,2.991468762472099,1.3169767602253832,0.017841972144680973,-1
174.68975875913148,75.39391643330653,0.4315875010009166,0.9273203211935344,2.7210768800263723,1.356929237689378,2.7692591413197425,-1
155.69451199263239,43.46589489033925,0.27917422607931164,0.27492720640080276,2.963590820407828,1.2820988810856084,-0.3659760018510152,-1
167.41270569636237,53.20545493109058,0.31781013698918226,0.2625850934434651,2.920518554905425,1.2748494287993777,0.5662842685467724,-1
175.47386928042536,60.22113274566394,0.34319145632689246,0.5918375276570566,2.932096688995876,1.461301655474569,0.15268229140990375,-1
178.08943247343922,93.17533189013157,0.5231940525389007,1.6009381820387618,2.645471112495539,1.3837627397855206,3.5845801682043206,-1
171.303153617679,70.26815750218982,0.41019768765621806,1.688751723870124,2.4024573673897875,1.1910538592924316,5.402696054176619,-1
179.97043422349142,112.36852042527556,0.6243721137313796,2.9906962218542814,1.9893198683814306,1.4024541679241693,14.883275650430125,-1
177.66553373353804,82.7873041524422,0.46597278837777406,1.8673275360671153,2.492004497032925,1.4635040491740214,5.69741920571791,-1
173.86194803483812,60.86447246393701,0.35007356786167554,0.49758678569480186,3.032949440895038,1.3829682160998298,-0.3335393974925993,-1
175.46785681557046,51.2208150936652,0.291909960167246,0.0339272381225389,2.846769743820952,1.3259170067969686,0.19873420310962953,-1
164.61967580231715,59.95216348783908,0.3641858920912491,0.5940581727924962,2.857207892028158,1.4290592989941697,0.8970276301441995,-1
158.7595786659856,53.4082591873453,0.33640968082758005,0.2389261554576241,2.8812172329822094,1.1771380638867224,0.22636174893508443,-1
175.84283468777573,50.871077087504354,0.2892985499115183,-0.1051160909439565,3.0248220017637037,1.3404881477057302,0.05256678499675527,-1
156.8749814244086,62.22598907865198,0.3966597383065575,0.415938689591501,2.945338632742963,1.444790642669957,-0.02279134260040605,-1
178.7051523747084,75.58065606526773,0.4229349577274104,0.46359971966662,2.9776136143508913,1.4355592030125117,0.27890382847609896,-1
170.22252916875522,47.64618754172771,0.2799052967571186,-0.038571480121429906,3.032949440895038,1.4642322562059802,0.1501755654142043,-1
173.41143996226327,58.537090297649456,0.33756187198715343,0.9281068489631649,2.7109554330763115,1.4863420270917458,2.0041597183722537,-1
182.28938782050957,61.933317907886945,0.3397527340915167,0.9412668551631674,2.429556926772565,1.4741067660406748,4.020699412326922,-1
182.5438900833772,67.07617815262962,0.367452332269201,0.30618712292812233,3.061984511178708,1.5589836710413112,-0.3893495230902877,-1
181.92942169110597,70.94765954243228,0.3899735341482741,1.4926687172972246,2.6107643626253467,1.42133675900028,3.1469693136671504,-1
180.10428739673387,75.68294025638919,0.4202173160357629,0.6876271589491977,2.526253112841694,1.3670206210662394,2.5900989575645283,-1
164.43983026658785,53.95037723158879,0.3280858241225687,0.3844167769161092,2.890268175565713,1.4863925378318206,0.486619483355458,-1
176.49118174341658,51.99455391895698,0.2946014265718206,0.25682023979828716,2.9691932194655077,1.4838742722700768,0.38303266007057113,-1
178.68730432113955,102.75229970601228,0.5750397326569116,3.896619511273248,1.756548343493452,1.5500456572150993,19.934330965436757,-1
167.54978325190095,74.837246399809,0.4466567783456678,0.13244913854093415,3.0328324235805515,1.5204343766663415,-0.3189752156458434,-1
193.2190056680554,65.69476726263696,0.34000158025602645,0.1568815358265066,3.1332132732237628,1.5344269929203012,-0.3159017875893002,-1
169.01762630994827,53.769776262709065,0.31813117623664205,1.5133689556216026,2.5089512044259816,1.4171472422370501,4.29848451304904,-1
184.67455278661427,55.62276948364179,0.30119347059100327,0.7806069429020974,2.6899173324961523,1.4814277170092978,1.997146038281814,-1
174.90576267511238,52.16509682026399,0.29824687318713855,0.06449726645752073,2.945365925608982,1.3495197794816318,0.18941484874089687,-1
172.8767601895623,54.40257290568478,0.3146899146306966,0.4572128468840703,2.7649749254359044,1.5888216663617445,0.8539848805913772,-1
171.2450700914941,60.4232162627511,0.3528464570131433,-0.43268554692807815,3.081678984708294,1.435550764396446,-0.07048778697846148,-1
160.13332721705143,74.9736286646263,0.46819503452272554,1.3083433616361555,2.5792052014303555,1.5036334606494275,3.633173851839084,-1
181.5287253335311,60.83007262724755,0.33509888044154806,1.296847993275434,2.6188300735571115,1.3497601783637931,2.7032110660657045,-1
137.12221197697477,49.22586116454146,0.35899261290218504,0.25794449420477517,2.9786885704510975,1.391584082812967,0.026838360857806887,-1
171.2630206770716,56.57070047669054,0.33031474192761406,0.06844817295731986,3.20637013015618,1.387095493954412,-0.7669886938631878,-1
157.0919236362283,46.102458074057246,0.2934744002550693,0.4209228234559485,2.9843602500376196,1.4695819758390856,0.010083257684057934,-1
182.38569375328487,57.01158066684166,0.3125880078289575,0.07229539891361417,3.0166912610488996,1.4618653302567042,-0.3624120260814001,-1
156.6799414580775,63.467309521696144,0.40507616310718336,0.23367535320655416,3.0923203642210835,1.4978746074065121,-0.3530858027006136,-1
173.42091906295056,88.22940790679782,0.5087587378935016,1.6339774068159951,2.491280993604605,1.5252467902001003,5.17286204677097,-1
160.2896348933823,51.290560546760425,0.3199867576021162,0.00866899342189,2.841999233328364,1.2782861898547813,0.7552539033648502,-1
173.7834823272938,62.97649243002551,0.36238479967514525,0.7852779798030287,2.8503536492683765,1.4899313138870591,1.1907099308674978,-1
156.26399601865234,62.1333813377052,0.39761802411790814,-0.16159387421954102,3.099205201430355,1.593332745969184,-0.2933751153981823,-1
177.74150867979088,58.22344287695572,0.3275736956967537,-0.015200202575498305,2.9169296584237636,1.4052605939582998,0.17210739841746525,-1
179.05974126818387,56.8104989918221,0.3172712000445431,0.06658076900585731,3.069040295793307,1.5926910127331766,-0.6266276378575242,-1
163.5571838705667,71.63033556403026,0.4379528545851948,2.358093825271643,2.273727823576532,1.5096284485264402,10.301782236000276,-1
176.16724005064827,82.6263517915634,0.469022230057122,2.884369301729954,2.056797918959621,1.4058730982366885,14.9910637497767,-1
171.8287303901204,49.500511407241994,0.28808052817975144,0.6976043081322476,2.751296865904439,1.27352967597426,1.6140145277476394,-1
159.9643340262448,50.703000699689035,0.31696440965003086,0.029249169433203336,2.9878798659904375,1.45972108630791,-0.21277419320481883,-1
176.01412321564413,70.4123828719665,0.40003825593984066,0.3945360120286565,2.8277110700184034,1.2750334132191887,0.5150874698862955,-1
180.70853484566535,77.19752956296945,0.42719360006377244,1.2682315984852255,2.4856947877207465,1.4337117788456746,3.9426349885344694,-1
163.7984107109377,64.10666840123426,0.3913753993276903,0.9943951582416583,2.7391467045125206,1.3661822575698161,1.2683820936716677,-1
170.2265540341103,49.22642382726478,0.28918181482661454,-0.05177795100298976,2.8881020701914806,1.550277497221567,0.9329792541398043,-1
178.00752145909038,65.91839221448974,0.370312398454686,0.1456684496016775,3.1554633812764936,1.4731823153543464,-0.49790537429689596,-1
174.09678107660548,51.41532626221459,0.2953261165672615,0.1986017541831029,3.0004363827862317,1.4712778137293034,-0.15099693657707425,-1
162.1690716726358,59.22471702946013,0.36520352751981394,0.13931904617143517,3.032949440895038,1.3788989392547697,-0.12202413702318982,-1
168.3755784827628,71.74914261881818,0.4261255893838749,2.313702922139259,2.1912306859712216,1.4505735509528737,10.72327973159158,-1
166.421999908814,53.79370929631878,0.323236767529494,-0.03848637029215738,2.954708673796359,1.4263150820229338,-0.16183516397356712,-1
164.46071772732859,73.31653930555383,0.4457997041403569,1.4855340270602087,2.4212782190339515,1.4529493635427875,4.2466324499321475,-1
165.51066063110864,58.971159803975105,0.35629825643322427,0.5399590642458914,2.984498451560163,1.4326211509140716,0.26662607923408865,-1
175.8155881342522,71.68924386067935,0.4077524901030828,0.8874305025805794,2.413336823403454,1.3590063919998983,4.259745017742782,-1
147.31055810494266,53.075766709798074,0.36029845648936715,0.11500366274541322,3.076007305121772,1.393825252109796,-0.542401066800887,-1
168.56529179861406,52.64037886817243,0.31228480256221547,-0.20220723583089636,2.8415968125891014,1.4549606920061615,0.6049626753933768,-1
176.39684847451812,71.08172352543491,0.40296481564240194,1.7306550932860705,2.46270767504702,1.303378889324905,6.3915270061697775,-1
159.52458108355492,72.84985099514923,0.456668498988205,0.5993261845311962,2.810764362625347,1.5496505898507242,0.9268364588121694,-1
164.48959895897016,48.86349765325263,0.2970613215820473,-0.20450142182397268,2.7375314422316985,1.4817978451258742,0.9879658214771947,-1
144.30798141216476,49.01218403777839,0.33963598934831196,0.026026802886599868,3.037085562805448,1.4517462112015587,-0.013695541664269673,-1
190.2247575398101,101.007433186769,0.5309899431236244,0.9873852699675222,2.6443728207539827,1.3367396727599608,1.969765479974999,-1
160.92329333406465,61.318332619824375,0.3810407514624507,1.0597651042293927,2.612903175133559,1.4207808083726685,3.0358237670849384,-1
162.3024156829728,73.29481154441363,0.451594088948012,0.8636812492125335,2.6315236417252725,1.4474455461286364,2.4422231806357395,-1
173.23773424284565,59.2187546193625,0.3418351947292806,0.12752506873271677,3.1545716224239926,1.4559218651369574,-0.5157015689982076,-1
182.17067733980798,69.38726909828075,0.38089153595696834,1.5262633767108058,2.2717305141743345,1.2044340653649115,6.639873487769634,-1
174.45682120122,64.17237735539922,0.36784103317681255,0.3138611626105571,2.8176136143508916,1.5133547690676739,0.9016111804745348,-1
161.03610494316553,60.088029425105965,0.3731338971860555,0.4161433841146231,3.08159351100563,1.4437440208043182,-0.2516213548768853,-1
171.97674793113094,56.590840537292806,0.32906099933902067,-0.30744867776236806,3.04127326238556,1.4937703866119638,-0.12889613181772352,-1
154.66139414541155,61.25819327285022,0.39607940696083277,0.20067972538157103,2.922140736434379,1.533841758831608,0.06724420870949244,-1
155.70520203434884,66.42238099029984,0.4265906348822369,0.6516692456028073,2.9019845111787075,1.3920953728961047,0.7952987293432847,-1
174.0132861811818,59.37059216346796,0.3411842478605432,0.403543834595527,2.782124864134545,1.4630588640255933,1.1385431440152107,-1
181.24364731920102,57.773228731322575,0.31876002047991264,0.7514151578716416,2.719940936015031,1.5299400387423767,1.9997610773696177,-1
156.6228926472637,67.04785374298478,0.4280846344345444,1.382470868981035,2.5372384864776483,1.4348785022670283,3.9794040045378907,-1
171.16560264419434,89.93846237375287,0.5254470581960904,2.8397550349083733,2.169021955978989,1.4399960247842298,13.871660697575166,-1
168.92683091010647,55.822441139306974,0.3304533734431601,-0.173993448119712,3.0118037332418255,1.5146703757755284,0.009969775853743368,-1
166.9044120518751,51.591556962528465,0.30910840719113786,-0.07049963971702389,3.0029776160337067,1.3315761749486674,0.2656669823356932,-1
160.27910003825195,48.62848376557207,0.3033987822115702,-0.03049685332119002,3.236623811079363,1.2538980039556384,-0.9448285714673066,-1
168.64585157315832,40.95505926069188,0.24284652648526986,0.14527865472107843,2.7889581236741137,1.4179192940218592,-0.015634664761154493,-1
189.8509437637842,120.9505416946214,0.6370815930475972,4.220344993517736,1.6958259384333743,1.4672186460712102,23.81650194373706,-1
150.93623066683406,51.103171677963374,0.3385745851224077,0.6296862060236298,2.7954633812764937,1.3431767883876178,1.4640883573176504,-1
158.13981778390212,62.83085350969221,0.3973120393723389,0.0567896637601707,3.040294879680217,1.4483443990111355,-0.3563732425174355,-1
152.674480676696,68.67864501434603,0.44983709595698684,0.2792106230362862,3.190490379766756,1.4656294622445283,-0.5846803501718769,-1
165.30287732311928,55.6418166328424,0.3366052517287933,0.9048974355762385,2.600144167320615,1.370807690500582,3.248437280469573,-1
157.88695459204632,45.85269142724888,0.29041469287772775,-0.07900105695549853,3.050099379593678,1.3469472295142322,-0.12411445070766014,-1
166.6030149472777,61.6704208850875,0.37016389472065314,0.12776176811658874,2.8762486832061196,1.2263224913529525,0.47483550919975626,-1
165.5102783490179,83.63423998046731,0.5053114574800277,0.6635125387535059,2.9267697438209517,1.5672748417033824,0.667422817604868,-1
168.382696534985,60.249460778751896,0.35781266138729295,-0.09036508531804745,3.1950882534032505,1.4755505777036662,-0.49364509832664316,-1
163.3483353412493,60.839442418671666,0.37245217278506465,-0.03238876555882926,2.8888840705376357,1.4700641358925635,-0.15296029127152133,-1
180.33316887776022,65.59008424668438,0.3637161408234609,-0.12102149437631973,2.508311023267032,1.4411577246439249,1.5036300271712193,-1
186.49917388070665,68.09770330140793,0.3651367557529575,1.156606590121793,2.716705983198556,1.3590618013176767,2.2362903943506556,-1
166.76104970955555,61.8129664288353,0.37066788999285943,0.7012010888067046,2.9517923126756394,1.2936517601767954,0.28431364906964696,-1
171.82681359570327,49.062912290586134,0.2855369966065239,-0.11383466817125623,3.1587593220041046,1.4352081158474088,-0.5647158573141349,-1
154.19386257140886,45.07958723513638,0.29235656000419297,-0.19480253557682953,2.892027408467033,1.447513792543088,-0.08030014446887845,-1
156.75530710491773,56.59229272131108,0.3610231370567464,0.4729922765941118,3.0035941219912985,1.3689282398094316,0.17353097867744216,-1
179.04031217899748,67.19287143779819,0.37529465079697466,0.7832722680785135,2.931510777487775,1.3582417396535136,0.37057539980410903,-1
164.11243215471634,63.684656175759564,0.38805503848557377,-0.1570659319762367,2.9261047607892836,1.5023680875975896,0.13754289537875497,-1
188.25835473868926,57.0702160799071,0.3031483843525724,0.1052554476671213,3.0159092607027445,1.2017364216156596,-0.063513875101604,-1
159.80736931562527,61.99816475330709,0.387955605669589,-0.17673273755395633,2.9849041738828976,1.4243515770877981,-0.6646630165580314,-1
179.6998937810549,53.47606549271316,0.29758540401736705,0.42200345083559443,2.9836615719608353,1.599601988595925,0.5803800831828383,-1
181.48467198925871,65.43275342116482,0.3605414865286116,0.321219402766567,2.696574243734413,1.339658794227331,1.4221800290912316,-1
173.09270261811966,69.7839477582901,0.40315938628706227,2.1331253316974634,2.2783008718614903,1.488301142175119,8.307736337164627,-1
170.81356209531438,64.51916357996257,0.37771686737590965,0.0019469644390745545,3.0644984515601634,1.5055840042593596,-0.3263645251208205,-1
184.88841431628273,71.34637229731177,0.3858888214340018,0.8113112955498111,2.7891224679125,1.4554223553943384,1.657966760557743,-1
171.17311728359982,58.22527198522382,0.34015430056552703,0.2637358342939401,3.0785629396449163,1.59933951351365,-0.43437118512125794,-1
158.4707464986567,74.0351018860148,0.4671846603981409,0.9363591739107193,2.5825011421579656,1.3667874264472384,2.851936441415381,-1
178.18706261566757,60.819700667941746,0.3413250085340035,-0.30744732031233063,2.8692750707107133,1.5249683967807917,0.418956337207109,-1
166.44698821392385,74.0058652116875,0.4446212334979136,2.2983068150599784,2.3222617956207694,1.365866383939352,10.04359617537828,-1
178.86372089957595,54.138584432040645,0.3026806339472109,-0.24124069179074556,3.0966912610488997,1.392921052540476,-0.3261035590585162,-1
170.65851313785674,69.14364388898838,0.40515789466145546,1.6270599316121563,2.3872774452273253,1.399461153379729,6.05536418607911,-1
163.39495103370737,62.02005206768745,0.37957141071570255,1.8821275196023857,2.274761085535048,1.388333339724856,7.888999681965597,-1
170.29231836552805,63.33418775405643,0.37191453121280105,0.5228561610327893,3.130561131319763,1.2556514937505774,-0.40063674527899895,-1
157.65716792351205,72.4561693925525,0.45958055917701673,1.8641440897260484,2.4140534544065617,1.4285647373225459,6.46799405095512,-1
160.6786776814917,50.999832219609026,0.3174026134363913,0.2516409705305265,3.01651936448124,1.4557160215274096,-0.14886083505271674,-1
154.27142783815168,63.02147309907826,0.4085103378001724,0.34420446821357376,3.0382975702780195,1.505272764606719,0.367178999397491,-1
180.60098894742626,47.38740271765049,0.26238728256048016,0.19053001138310302,3.0749467502972356,1.4738662041996216,-0.5777243794289637,-1
191.63466867999665,73.0723488290886,0.3813106956711956,1.0929293142606498,2.7568168918550806,1.5802803323125478,2.226672548038426,-1
181.8631461656727,82.51834574943979,0.4537386902691526,0.9971997977615057,2.655099673969436,1.3347896790462628,2.5639247609028715,-1
161.94443840398776,63.12053949533464,0.3897666392091446,-0.02997951979590758,3.0844582944566463,1.3210045682527374,-0.5621302097166323,-1
158.22158219470694,58.79037347296992,0.37156987471293695,0.16915572631047052,2.9488378047761565,1.5938514412507934,0.04630006671643283,-1
169.09910759559145,55.11759594169064,0.3259484732084275,0.3779098076650784,3.01258573358798,1.5118667168800355,-0.3110004315653323,-1
178.09481118066134,74.00838220535422,0.4155560833845929,0.2047877913578322,3.089806423839628,1.3943544900303655,-0.5062296601193759,-1
162.7479930841378,59.14164015853166,0.3633939751745909,0.09231468107008778,2.681183537937093,1.5420881465819143,1.2825236126602189,-1
154.64651165258073,47.12485960108576,0.3047263019223709,0.12050398553663252,3.090881379939833,1.1146195770046556,-0.49765342177863214,-1
171.26264294326236,58.621157984754724,0.34228806105821535,2.1533642913296878,2.345713760616206,1.2533948131346269,9.29531095169586,-1
153.44311672289012,59.15868307058623,0.3855414588418689,-0.06440569231021878,3.0754633812764935,1.487938190601361,-0.18415863262181675,-1
167.4691981554003,60.10997900410201,0.35893155079374023,0.9383105332880053,2.744381434245677,1.518105403116886,1.5315227331744188,-1
165.40539001073418,65.01135221905938,0.39304252548747287,0.8534575851305977,2.8543176736232807,1.4563407701938562,0.9757532293853628,-1
185.74268095777057,53.231299090266766,0.2865862537128402,0.37362170522765425,2.9863238643947008,1.4078697483614602,-0.2403342264309809,-1
174.82291625996433,47.2531561787536,0.27029154523705257,-0.7661783963995048,2.8314127330687477,1.5395705777070607,1.7672507185115887,-1
177.24207315179822,50.28633006345175,0.28371553756530615,0.2478041403128139,3.149158053396227,1.3640831492530825,-0.771152465211884,-1
164.92285812314995,67.06932891615993,0.4066709107483356,1.3033929655065841,2.5026172103101203,1.4765970250367753,4.410885378442646,-1
170.3114815268864,69.56903642335256,0.4084811886999525,0.8599045524719567,2.717922442404776,1.2943500213653727,2.003755320448411,-1
173.8991973245298,79.95548138819154,0.45978062359298316,2.2197460162051006,2.0445131737098197,1.4159352272067722,11.31824410639934,-1
184.9655667038457,75.43743317969421,0.407845819759953,-0.026657209692069073,3.1252678811899552,1.3857770260818087,-0.49612035369866714,-1
167.7235282484404,51.397651283687814,0.30644270258585943,0.47940391839248225,2.930323054818886,1.4351712574086835,0.0037999349227804124,-1
173.40783449144462,64.3127282945581,0.3708755632821831,1.3734992750933412,2.390490379766756,1.351291641185641,5.1244268232739785,-1
190.42763274384882,73.61924893789204,0.3865996120264751,0.5664414730963239,2.7099320546458086,1.3495510696541206,1.4800894057927643,-1
168.8273769677637,61.842986917290546,0.3663089957803407,-0.33161812975288474,3.1448220017637043,1.425306881110016,-0.1944845423968662,-1
166.21202153434285,57.84654916666719,0.34802867225048995,0.8599409133300641,2.4406981344884677,1.5152782677952767,3.282936405030336,-1
159.28741059799196,55.110594385815695,0.34598210981596833,0.4070683808141495,2.807585439212223,1.4464301133333206,0.9889318147677812,-1
165.5776467615736,65.40737238139948,0.39502537728165665,1.7627910651804606,2.311155362798424,1.4339813391708445,7.293165111422724,-1
171.22244661961017,55.762808402323124,0.32567463847895156,0.019567446883228062,3.0897242517204346,1.4345940428019217,-0.46517145742223187,-1
199.21392195414782,56.92233239224862,0.2857347108770349,0.3139417206305886,2.640198306285355,1.5473124802817273,1.6640892372039353,-1
175.31372696100777,66.33007310485185,0.3783507102076758,-0.3528448287084813,3.168884070537636,1.615348569082339,-0.5446062390859265,-1
180.87329206022264,55.97200764547264,0.3094542428455191,0.27096189208908705,3.1406858798532946,1.310414033430838,-0.3062959811348396,-1
169.89399913862718,55.09182586176389,0.3242717585146195,-0.15918449133968288,3.041076880026372,1.486105119808961,-0.20976390158613478,-1
178.14052798612184,53.86341924252387,0.30236476702662596,0.9611414093165004,2.6229068644807,1.3479315207631275,3.1586960297615203,-1
187.44480756119026,67.11988415568976,0.35807811925533795,1.697688675677783,2.4563149830254787,1.4880649196733706,5.743631943749035,-1
170.70186572763842,62.04585495750393,0.3634749666796293,0.026653672345432346,3.1020699848813713,1.3983494906329192,-0.5906942388787217,-1
181.23678462831143,70.32177986857258,0.3880105245344738,0.6168507814567998,2.599623178388262,1.5311783873018627,2.4226431713472074,-1
166.50878818301436,47.1908466457919,0.2834135492831955,-0.017370898756637953,3.098368321831027,1.6169562480231443,-0.8316888883269433,-1
158.97072236365705,58.3645887653642,0.3671404891263624,0.42632479075531865,3.0216642625586374,1.308781162497238,0.01647355875594636,-1
160.22718131260888,52.67263781545994,0.3287372178924734,0.30019724193570857,3.0314687624720986,1.5724403218986256,-0.18311885700924568,-1
159.90928285889314,61.62825476168256,0.38539510439843855,0.4823778959758969,2.8662061067917812,1.4063988544098665,1.1082468163922332,-1
169.35131303652702,52.465278113505605,0.3098014250541387,0.2200272711349805,3.0542627943701075,1.575195573432663,-0.4630617528305194,1
166.76216416691554,41.55633027082232,0.24919519651488675,-0.27720036166045803,3.1277269423182372,1.2594067069293424,-0.2685387369847252,1
183.7561038424293,48.45888852628586,0.26371308224862733,0.8580348882825646,2.928367439558378,1.2569279455288764,0.9084844059060222,1
166.6893809777892,46.953994159218254,0.2816855751925476,-0.07936752437886233,3.231789011092169,1.4530194739473674,-1.029759802167899,1
160.95437593443827,42.19160426259423,0.26213393713371413,-0.22924151763627323,2.7739119513005472,1.346135168242103,0.3470550701062458,1
163.00902210899713,46.76795727927689,0.286904103062499,-0.027606224808506382,2.871417184802396,1.4885816770998233,0.4166532731496728,1
187.71655873699055,64.00210174225145,0.3409507513502031,0.7198612437183062,2.7923362365209177,1.352131534765164,1.6124096190155557,1
166.28221626677407,43.42393479774213,0.26114599487942325,-0.11938176433916424,3.1016642625586375,1.4542098585077647,-0.527971966553761,1
193.06849118853296,41.43703003696292,0.214623472643702,0.22656307545420773,2.8419992333283646,1.4803719776514905,-0.07013204045169852,1
198.18193479068344,49.47556290099328,0.24964718884820947,0.27649920862627897,3.095099673969436,1.464444639853102,-0.5215279164730551,1
190.61000943957893,50.80177901256807,0.26652209483611417,-0.21437140780243558,3.0737896220778373,1.404736460264534,-0.5390919669200098,1
151.5216198988846,48.263304769855935,0.3185242132579076,-0.20868305986399416,3.0514834846217553,1.2500287787303999,-0.1364932038114195,1
174.3222172457492,48.342073498304806,0.2773144712251738,-0.483558050707508,2.825365925608982,1.2407448761326556,0.7263678943395857,1
176.9090022362401,52.91068288466932,0.29908417443909185,-0.08237447761706938,3.1219719404623447,1.2145509154051084,-0.5277772484734085,1
170.97881279592733,57.0048562667962,0.333403041784099,0.15863370397898982,2.87829757027802,1.502662328862865,0.23023985942217484,1
170.6784128893084,48.750377976827764,0.2856270875242101,0.43764415654943417,3.1031998202347504,1.4365707743182388,-0.4551812414148859,1
192.5691385555884,48.17119637714643,0.25015013692467125,0.13012777203122036,2.937000409976771,1.4743457793828567,0.08162272802024173,1
177.47633648665672,53.283511336156636,0.3002288214359365,0.10778575543751928,2.8543176736232807,1.4692840975218848,0.035470593574723264,1
180.4687780253928,44.54173076925382,0.2468112836835776,-1.1336844465206757,2.7678091144374304,1.4159666761834957,1.9816351471671103,1
179.02009971349904,50.74179971489109,0.28344191404259894,0.1290958047180022,3.2077269423182373,1.311008790305815,-0.5347846769039624,1
156.51652060346134,45.4355177722771,0.2902921531675826,-0.2650948721840371,2.9380753660769763,1.4618432064707496,0.15128278876775436,1
172.4605951754125,40.307338578471416,0.23371912022844502,0.0313578322831105,2.9451422503837743,1.3976697106750597,-0.3437381335846408,1
184.9988960012652,43.789780050511794,0.23670292632563775,-0.22184562021854967,2.8708351141783544,1.2576872251407698,0.6951148698344638,1
194.68680488506456,54.07575340204239,0.27775767050040495,0.28503799115940903,2.9395836308870695,1.4088422002821437,0.32668963502002146,1
172.0787636043856,40.364079099730894,0.23456746349322427,0.2586718764450221,2.844138045836576,1.4602228859688893,0.5499369951804409,1
180.12885461424585,50.0820661234243,0.27803466707584035,-0.2558662997663026,3.0513980109190917,1.4409456842657027,-0.4027758793033378,1
167.82692359920316,46.07562818693964,0.27454252988022004,-0.23851100897179658,2.9763149830254787,1.5134351993148427,-0.11459096945695002,1
170.86126568231472,42.43402573295402,0.24835368954747375,-0.14688546328170876,3.0950175018502435,1.42150036879681,-0.19134156647718914,1
157.96265980170097,32.13582889665275,0.20343940103942657,-0.7572861090860571,2.8262028052083106,1.4637896020629404,0.9252264977763396,1
164.83239223823213,47.59522880564925,0.2887492449715824,-0.1837887778818971,3.050323054818886,1.4227639222303774,-0.30578348196434035,1
152.33583512234887,42.4746300043006,0.27882231367417265,-0.40562071065611915,2.8662028052083106,1.552996497226231,0.44727060911557537,1
173.7385125710113,59.66143250408842,0.34339785474854506,0.5844818280799816,3.0011013658179,1.5223270099656703,0.23127008698166263,1
158.3803529016332,42.2254354875406,0.266607787607128,-0.5368252833397884,3.0790795706241747,1.4502728553368094,-0.41460217885309136,1
167.3703913014208,42.96693945284017,0.2567176853608481,-0.13313532080173138,3.130561131319763,1.3489423900277562,-0.686860858676225,1
178.851524006587,51.79057235429229,0.2895729999616043,-0.39621071246768097,2.7465812346650247,1.4162400657554184,0.8023741101557009,1
152.34094678564193,50.94256683000004,0.33439838667722754,0.020132201895269007,3.0799746310601472,1.5062639221346128,-0.7600890597527705,1
194.23119434203156,57.42316407430809,0.29564336598367785,0.4231059063807748,2.5737400547328875,1.427991918443153,1.951331543459541,1
157.98766230736845,48.84851244944168,0.30919194407982203,-0.5260235182071721,3.0787593220041045,1.60165192329099,-0.25896432992266716,1
178.17302019580427,40.44510216081137,0.2269990266560223,-0.10203288485998811,3.0020585643151856,1.272926589895867,-0.14504641667923668,1
182.42024197384572,44.26628440557453,0.24266103326362848,0.3402109048570811,2.8963710124288293,1.3900685131710828,0.316372879020264,1
166.57631391935766,57.50429170412583,0.34521289582602127,1.2477881427451445,2.6389625533096885,1.5468059567838,2.5137523281575103,1
176.01301227995137,47.90205418763235,0.2721506414050991,0.08531556898858156,3.019849000253966,1.3993118325381428,-0.406692694949105,1
183.8051559219965,49.7045486885781,0.2704197738047772,0.3522826421321028,2.835518260529667,1.5534779113029658,0.11652808368927259,1
177.01061335707445,40.77990208483604,0.23038111281255677,-0.32343529032594215,3.0746265016771654,1.3648743695960168,-0.3649274456652791,1
153.14065174941962,51.731726013747334,0.3378053144138025,0.24790842806090554,2.8864283109928244,1.5338620345878942,0.5663631270664817,1
168.2028190995704,46.96214676475364,0.279199522434601,-0.2511729432259521,2.967726942318237,1.3576509627538451,0.32707168172714507,1
181.18270659312634,44.06991750080138,0.24323467912292074,-0.11113893677327497,3.1501974240127053,1.5593619049061929,-0.4796746900344382,1
178.84169644073884,61.93538595638045,0.3463140150703246,-0.11311873762118996,3.0767620126019066,1.401501457918379,-0.6663993607710261,1
160.1362304208143,37.94020563905684,0.2369245581674778,0.059501524738507616,3.0616082331552863,1.4477721382589013,-0.19746422921071183,1
188.02911348911988,47.157122276844326,0.2507969186355443,-0.1835112109111649,2.796300260875822,1.4751486805500624,1.1791168478090297,1
169.34713496502744,36.81124369114186,0.21737151737904453,0.6956465273183758,2.937014811252441,1.4509867387961999,0.6491944227605861,1
172.5060603505443,40.88586143088403,0.23701115976911838,0.21112591506850803,3.0559092607027445,1.5397017323263735,-0.8364183585399023,1
165.0832135767749,45.64092779687207,0.2764722518298079,0.41829577727350603,3.1212732623855604,1.5196953630862406,-0.5413346335992437,1
166.65652016006507,36.278318117179666,0.21768316104486157,0.2507489074409083,3.0972078920281576,1.4054353829024302,-0.6992844874566293,1
165.46145964668233,56.65578000166123,0.34241073493876456,0.4864255360269818,2.971803733241826,1.513369047564396,0.18538440099483822,1
162.4143039192131,51.35992646171697,0.31622785199549935,-0.1409708547885096,3.1353926297234866,1.3703275934620907,-0.44128866613389084,1
164.98039111447838,52.60749515784007,0.31887119919200707,0.11412343317091309,3.0967767347515633,1.4416113115647387,-0.334144788108226,1
175.921074425853,44.02767494409142,0.25026947503465913,0.21303965003952874,3.1154633812764936,1.393088156267328,-0.5318651196488187,1
181.9110708244771,52.72923302830926,0.2898626938389407,0.2557441353218757,3.2044310015906268,1.2402668400491919,-0.9456792489185575,1
173.89140656612923,50.86569912841495,0.2925141623319449,-0.47260539660811446,3.095099673969436,1.526149265661438,-0.10030000645466641,1
174.92638511642818,43.57481707857011,0.24910374183727296,0.24669075628440842,3.1574606906786915,1.594648742987892,-0.6374807907250446,1
166.86368325643122,45.73550775074241,0.27408904596968187,-0.11483902892737395,3.009724251720435,1.3727771397581225,-0.7818528640761433,1
193.44735117050783,43.37979561469049,0.22424600467366848,0.2764581318793336,3.117460690678691,1.5035829904061935,-0.16813667372807117,1
176.64310112435072,59.58025917890733,0.3372917413681775,0.30951055345856643,3.1524876891689537,1.5512545836536573,-0.5175361908894343,1
170.8470961725483,43.828271500996266,0.2565350683908117,-0.2833788589265949,2.800112832582691,1.3254703923637872,-0.05052277112041237,1
176.13986808112762,52.23311882987593,0.29654341972038983,0.46732178324249657,3.0520966889958756,1.384795165564011,-0.011525908532451279,1
166.77130385526914,45.746962940598976,0.27430955975675547,0.17790320229292197,3.0284381911113853,1.427966670051894,-0.4106199109870934,1
173.31186652990058,43.23098358810125,0.24944041313318174,-0.17167545496339787,3.1320966889958757,1.485888235395283,-0.672326279165723,1
163.2600720359431,46.46241987052812,0.28459144536147835,-0.11306185337095419,3.117460690678691,1.4772668603294212,-0.23009117890630026,1
163.9938417798338,51.9021827745772,0.31648860842139,0.028088397158293695,3.0648220017637042,1.4674509311312078,-0.4537625772577347,1
169.6529468522176,45.333098452725224,0.2672107929384467,0.5608919574285247,2.7877976938712448,1.6267971341745362,0.930748721040457,1
167.7897385857541,51.28503346284105,0.305650595174092,-0.06691353871559377,2.8613440139385675,1.4009870471227737,0.12667559470110845,1
164.28474798782307,46.64305998066014,0.28391594808373427,-0.3953115297922805,3.0258825565882406,1.4451172618530241,-0.24558757974266765,1
167.62443752189435,37.899613641279416,0.2260983792194926,0.23420445479198856,2.9534660718742964,1.2208640534701265,-0.3808073259904834,1
187.37701640615137,43.260802439881545,0.23087571394621342,0.17781179029929925,3.0111050551650407,1.368367421280871,-0.04237638548930445,1
156.56540783281056,44.89538528695513,0.2867516260992784,-0.018522811541253605,2.740568862538808,1.31160007096476,0.7675931039171244,1
164.54118689050148,49.863386431780555,0.30304501489322266,-0.0993064485959536,3.018196425263367,1.5453285798992262,0.07543964399479641,1
180.6239067847299,43.25606416032069,0.23948138942578553,0.5478205404474288,2.9737737497780032,1.5227214462361882,-0.1799484621455374,1
158.1138767821127,41.66649826737154,0.26352208367384256,0.283727579026853,2.9252130019367817,1.5139907374443762,-0.2031850234236674,1
165.02593784993942,54.42566962879962,0.32980069883492924,0.6886235477618935,2.6795128793340623,1.4100047890129583,0.6474775245882318,1
161.10132784852334,37.21092065798202,0.2309783609789353,-0.5077122819138449,3.0279764393853004,1.3306984670694886,0.1243231673628249,1
180.8755715753384,52.33171870246679,0.28932441372089623,0.42140272386283417,3.044974925435904,1.4983495453823923,-0.006656561648229253,1
167.05653180607524,38.41299499702414,0.22994009621614328,0.0537516400045471,3.04604988153611,1.3609995715775152,-0.20965853718565253,1
172.7515929625402,35.02365257993859,0.2027399688727223,0.004425544723305054,2.8244984515601637,1.26777826045162,0.29744223654800095,1
174.15400429481258,51.426683778365884,0.29529429418866193,0.10602553400666474,3.162378812935256,1.3682418945456012,-0.4576029923824878,1
182.9946603512887,58.80145430535139,0.32132879829647604,-0.05188583004571466,3.192711364394161,1.472805825385138,-0.46024343106978804,1
172.591707878825,57.13761595854408,0.33105655341599527,-0.3085113033111749,3.1098771753926355,1.3454637278962096,-0.4354753747978073,1
175.31423223172828,49.212117604874216,0.2807080576312037,0.06122665123774963,3.018196425263367,1.4263078469874912,-0.12493593221778942,1
174.96144874317318,50.71716673470506,0.2898762390173909,-0.28322926875807075,2.956678690332536,1.3542793025107414,-0.18866519783298452,1
178.92228538949456,46.41515902960099,0.25941519206822217,-0.14680849165561202,3.105862112668616,1.2936804786345246,-0.24818528801514894,1
167.88253180678734,42.7598557162366,0.2547010415916771,0.07901518251080765,2.922515864307622,1.4384252535409239,0.4923670509264917,1
165.54402143345996,37.44738422296716,0.2262080134257162,-0.021637846856454625,2.9056040021098593,1.5663222749935444,-0.08344573543004774,1
194.27543129466008,46.92709936287533,0.24154932535808085,-0.015000606010412728,2.994009995719574,1.3093401469480068,-0.31696593222396974,1
174.7001244991369,44.48248980475398,0.2546219696882571,-0.5695358307225665,2.8059328642216235,1.354653535133696,1.1967847683535915,1
164.70392601781478,50.214896742820855,0.30487978008119543,0.32657536683177013,3.1305611313197628,1.425665133292311,-0.2530528819328661,1
168.5072875596121,46.904583810232744,0.2783534438748799,0.18031189145225784,2.983144940981577,1.4201686389897035,0.026282342031656913,1
177.74623364651444,50.474581004684744,0.28396990456103843,-0.03966705135515723,2.625486984795373,1.5202392743513817,0.8039841397577989,1
157.94041302576147,35.863295418648754,0.2270685173705297,-0.18853622871037323,3.0080471909383077,1.2710280320186351,-0.2723408759988404,1
165.88252314808977,35.9337519297857,0.21662168652755687,0.023984589655776756,3.173395320321289,1.4936175303040864,-0.4929175687274201,1
173.83776246590753,40.14765147261969,0.23094896588129585,0.20020962051990443,3.041678984708294,1.4061044437614656,-0.12562946693905186,1
157.94134662325507,52.67074890511274,0.33348296713431697,0.05362029794696112,3.1904903797667554,1.4652325408534128,-0.6516867890018401,1
186.32821044223417,60.217290893597315,0.32317860376953494,-0.241295075206725,3.1755341328295015,1.3830389683808662,-0.7203339587278279,1
174.41928253304673,46.63255572213808,0.2673589470436145,-0.2313242502514864,2.930323054818886,1.4581666037656171,0.5194205381601931,1
157.12142277015823,43.76777171497756,0.27856017940343075,-0.06622858247419865,2.8495134680855774,1.4948002668136917,1.0685077807233974,1
181.37958746768328,50.04657771818097,0.27592177497425313,-0.58852985156311,2.836965243907491,1.571087463019679,0.8112289731322186,1
175.21962026467278,54.481489310913474,0.31093258408286745,-0.27106958405370735,2.8923203642210833,1.3844550076778241,-0.020096908257201118,1
180.8842451818795,60.164435502968885,0.33261291187893904,-0.29103889382828535,2.873614423926707,1.316844537960068,0.24813798731029557,1
160.99602024109635,53.757343943980544,0.3339048000284561,0.017491343915404533,3.0211476315793795,1.4162752540883474,-0.6003517331300277,1
172.40624829911656,51.440392441917275,0.29836733267735555,0.28584553162639864,3.124138045836576,1.4102755971106828,-0.5584407478934645,1
189.15866635716054,46.84047851388619,0.24762533705669182,-0.0004905682486102294,2.807894588140094,1.5463560781153562,1.0106411872196839,1
178.9431582894278,49.848216085614965,0.27857011445494345,-0.1219144683517778,3.005267881189955,1.2566805857039256,-0.12039668063489861,1
180.72374518506334,52.186412123277755,0.28876344981584035,0.04971757092732162,3.179153623760653,1.524832514470589,-0.720820911798342,1
164.63628185352943,41.91835709283992,0.2546119034085881,0.08368298839200485,3.006566512515368,1.4864404394721928,-0.34797286759757995,1
182.10906744369962,48.572618576088765,0.2667226803031395,0.10553569779977827,2.979473872380723,1.396229406765516,0.1639540162356048,1
169.17120053408277,37.31817008023978,0.22059410799488488,-0.5285266343333141,2.988172821744488,1.3799244507577881,0.4449408073977672,1
180.1016109137498,60.12509990622207,0.33383987850622737,-0.08331770624017179,2.829158053396227,1.4375572737151954,-0.05286783276766771,1
178.65873307315155,56.908267215508594,0.31853056515411193,0.032068585913730616,2.8576136143508917,1.2968610461137304,0.5480483367234328,1
167.39908067516396,37.300599813035845,0.22282440060359257,-0.32902018897654395,3.052782115947168,1.3819770275249574,0.025069339039577088,1
170.67591322714995,67.74550652675622,0.3969248222893336,0.4095326865019845,2.911272380112911,1.522354239270848,0.3344690051123336,1
191.64081246973998,42.37104407602375,0.22109614090012336,0.7175570927121578,2.9763710124288294,1.403405276394799,0.29269653700092757,1
186.79742806741822,41.380827118938214,0.2215278205222569,-0.8726173663459981,2.6402400004270437,1.2887375781140717,1.7446128889541805,1
177.4053120681793,42.91677163148314,0.24191367852045845,-0.23359440460531708,2.9783134425778535,1.325717070149252,-0.12596237782343245,1
188.32510026867695,38.196200138712925,0.20282054853134138,0.19379824720724836,3.0321125612957096,1.4058442469094057,-0.13601086585402067,1
191.12985269035923,54.97851357847849,0.28765005991788567,0.08638284644511174,3.157922442404776,1.351864157941552,-0.8331031861173357,1
178.88766958905043,52.88098021310977,0.29560997879054807,0.5013746185209439,2.879082872207645,1.3482014053272608,0.8696591075426379,1
164.36168550450708,43.35649059105093,0.2637870891745146,0.40716573880918167,3.000240000427044,1.3760356983452127,0.10074690693192201,1
159.3541709945601,44.927674517932566,0.2819359809506729,-0.030537738971836276,2.903285293937414,1.5483425855117623,0.36881933274490963,1
172.47590406810562,57.74508294011047,0.33480087118319235,0.6568099807266593,2.903829217782692,1.4223896043197677,1.2064379268212786,1
200.0287755643375,62.62074901737347,0.31305870288263626,0.3147777183546529,3.04780911443743,1.443259504664313,0.12078681993467466,1
172.34409244608557,42.77317623850687,0.24818475429836745,-0.46153574170785455,3.0681179424913148,1.3365134818648396,0.03865815213245982,1
170.32514601188385,51.48347384039222,0.30226584298245746,-0.33643388949972486,3.1076561907652303,1.4035778706950124,-0.19283964192652725,1
175.2917419294155,45.23224293270956,0.25803978233568564,-0.4213491719263852,2.8230279236670905,1.4675837649566834,0.5869497925391283,1
182.11454860798574,53.23153644278425,0.29229700125369357,-0.2868572416759486,2.8593179679990386,1.5245214827937805,0.25879232613643843,1
176.53259100936614,39.97509873697907,0.2264459979226054,0.4675076117947322,2.620912856661973,1.2884828626902693,1.9542241702554985,1
188.3797298626424,54.73851534652958,0.29057539994585574,0.7739863020674447,2.7537863204943664,1.4728265462943435,1.5009277154485128,1
169.9126083718954,55.326232388551546,0.32561581461604383,0.2770097209089163,3.0143176736232804,1.4583636286656505,-0.1784497792056925,1
183.3275206931147,47.79850896899669,0.2607274062742064,-0.033644349275270255,2.9942513738039223,1.3613875608871113,-0.20281515451591936,1
175.38119176480933,48.119842300059545,0.274372877820271,-0.27179745360899943,2.7961283643081627,1.4312270057149874,0.45610149737384376,1
178.4846174502274,52.332688828052675,0.293205597074192,-0.4130809047593585,2.919940936015031,1.4672448349648528,0.33229526197462933,1
175.76461150587048,53.84381475183255,0.3063404759952727,-0.5787908090260181,2.9504903797667557,1.3147347130728422,0.23639531833661076,1
192.33015608259092,55.352320100286754,0.2877984463160172,0.501710709829639,2.950714054991964,1.5344088448360826,0.20999641966364235,1
175.28418307853363,54.840443624309344,0.31286589959881805,0.11704421976076962,3.1877943922877736,1.3515352070431546,-0.6025495515354358,1
167.42851441581152,55.062102338789586,0.32886932390764656,0.631591543355231,2.6923203642210836,1.6554952423123095,1.6407397853059633,1
168.6126115794562,57.7073385019901,0.34224805583297885,0.37012009059506307,2.8262028052083106,1.476550720453815,0.6064197552523289,1
192.47997278794963,48.86320518828165,0.2538612432271747,0.6111989070521389,2.8157272136052183,1.1307431939615553,1.4648475847279583,1
171.79702005740427,51.79783466260659,0.3015060135810205,-0.39217763508094006,3.0661755123422907,1.332881251677328,0.14525513665203693,1
173.0354718508971,55.876604039516316,0.3229199391421004,-0.12411459342076947,2.939235795879846,1.5305951444454655,-0.3456888889468335,1
168.04604466546724,43.46147763853659,0.258628387981736,-0.24583963022995664,2.904822001763704,1.3046611202337983,0.35308745280816334,1
184.79580634258144,48.6963524801065,0.2635143807854133,-0.39685061880916356,3.0408421051089656,1.4157769229410735,0.20911957403958903,1
160.18303546124207,54.42598573565832,0.3397737193513682,0.15758858121699715,3.055534132829501,1.2256236443548065,-0.07320592144736793,1
170.38719367208265,52.58361062599997,0.3086124578540764,-0.5138789281998759,3.054024717869231,1.3921686675111498,0.027045981986162815,1
166.89151671763776,49.4912928986609,0.296547684819683,0.4540512358698716,2.735296056328624,1.4807729348129228,1.298016795445272,1
175.60171990209932,41.393179484258006,0.2357219479816903,-0.0475603233320412,3.105197129636948,1.3256514252158753,-0.27951907567803413,1
175.2210551923974,50.812531896081744,0.28999101643514374,-0.279235854922242,2.9132696895151082,1.587797415629741,0.19204856228757183,1
158.85332713120133,39.22464260803696,0.24692364533001093,0.23388962598143548,2.808102070191481,1.4873918686349838,0.20704820298355653,1
185.17433383516493,48.1620580357764,0.2600903539831195,-0.6801437247631202,2.9972226141778138,1.528922442346937,0.4701871573747112,1
179.6366404973478,33.93684712545344,0.18891940436814444,0.02758040702882667,3.0153926297234865,1.2231071516930647,-0.2643995246858979,1
179.09182215746438,32.601329136168296,0.18203695033882653,0.3385243126453652,2.9881179424913147,1.3763686171548992,0.09682520614455115,1
161.59118378651397,45.83056704855306,0.2836204672471616,0.03570410900583814,3.0673632350111797,1.4120795224019191,-0.7271682796896148,1
172.07729782285654,45.663372824581515,0.26536546890449936,0.18981498971226507,3.077780939298761,1.2783614254033429,-0.32872422285052094,1
162.26069296572877,52.31827144406298,0.32243342788578605,-0.2980335079644697,3.057613614350892,1.5043386134657668,-0.49154358906456386,1
171.44234551500304,52.38133934061442,0.3055332635776993,-0.28607282127957734,2.998844795706768,1.5823631847315736,0.13639480513003388,1
197.12082280122067,50.615186206933956,0.25677239719101114,0.14427641969020719,3.130561131319763,1.6310621488777635,-0.6685964962371664,1
197.1928138523973,55.007446594734624,0.27895259223750807,0.03536279247105196,2.6943737030266317,1.3466061117434047,0.8383843064059047,1
173.5262485074324,38.3125529496831,0.22078822817426447,-0.4757669336777779,3.0890804528968236,1.423704943551719,-0.26135467900837295,1
169.2182585809781,46.255656108686324,0.2733490847652887,-0.21741327214441472,3.0110777622990215,1.4677656730797295,-0.07999917463486739,1
157.2985722970468,49.04044021412528,0.3117665945595235,0.3596962659228701,3.0219011889093372,1.5046332256068577,0.252668842881818,1
166.34602494287873,48.11274340171247,0.2892329012264274,-0.30498440668832594,3.1648894517332407,1.409202154239543,-0.49634410444281496,1
162.34682353908053,43.67607792498054,0.26902945787828564,-0.2929819105298896,2.938171939471839,1.4391637319579598,0.17904788445884945,1
183.84453587926092,50.233425819793226,0.2732386120672295,0.06745169174956317,2.9760220272714277,1.4771528950464583,-0.08496578371160268,1
172.23264414152877,48.049506209360096,0.27898025051439357,0.3251888881571744,2.9969989389526064,1.4472040275560207,0.32503090916563293,1
179.46362092761257,40.69664478163576,0.22676821392147734,0.4103560812701524,2.9200019239261668,1.3749597254240558,0.2839183683725408,1
159.1092202298995,46.355547604057925,0.2913441944915451,-0.13894279356894754,3.1051971296369474,1.4997070502801788,-0.7509448272733712,1
159.85911551535074,40.48648022468725,0.2532635070209648,0.7039162212188275,2.962977616033707,1.3619603811427683,0.48539347019235857,1
169.89961643025453,38.441628406570764,0.22626083103814087,-0.23253207979890944,2.903716451214008,1.5380984636101536,0.31428159806372635,1
158.97647745931906,45.07994034305433,0.28356358791878483,0.27851868908886973,2.8838144956330356,1.4621865446805178,0.4945881172715221,1
170.59622917769684,43.0585623605599,0.2524004344533849,0.2853150405056417,3.075225304775617,1.634919883198908,-0.4001660598528991,1
198.30310668152939,50.66124963812822,0.25547380717282014,0.3074792727435022,3.0014216144379704,1.1819013848994928,-0.029714159358230408,1
184.0531775796596,50.65420759889332,0.2752150669986113,-0.032848120430611416,2.852558440721961,1.5348706890845356,0.2374637708234939,1
162.06695750024303,42.05436859156181,0.2594876169715147,-0.5620103154569621,2.7209242772281588,1.3471453872167005,0.7818214251889795,1
158.1545196182194,50.76513911251806,0.3209844349378297,0.01801507854645951,2.9118744847948332,1.4341793945426538,-0.2143246198402271,1
184.36494318179638,51.74379900574034,0.280659642298251,0.2853135578213216,2.811546362971502,1.4332186467583177,0.579752017424719,1
163.46950201432853,37.81481333684195,0.2313264117824705,0.29824019263910373,2.966566512515368,1.45635553935598,-0.03403045307452279,1
167.24009978956855,60.14941257242506,0.3596590330196444,-0.16886491312668847,3.0499479269456424,1.3827747222194944,-0.5837413373789495,1
177.09167800826432,39.235461128281344,0.22155451667497525,0.17848818473827247,3.186175512342291,1.3280992699549865,-0.7030208095853157,1
173.21447720213484,46.20800916275089,0.26676759303916536,0.020199780701675316,2.9694312959663844,1.5110198147145413,-0.10936802672120294,1
168.07393095199873,45.09790861502558,0.2683218531248928,-0.1347945158657033,3.065365925608982,1.2787698941640218,-0.3750824841507292,1
168.02768785657685,44.23760887262596,0.26327571031261104,-0.21215498160037183,3.0058118050352327,1.216064444170728,-0.35674386475445274,1
178.84528053083136,54.09612415586819,0.30247442926816565,0.18887145971908775,2.951468762472099,1.4465496154249913,0.23312561793427022,1
168.79174086624963,49.23687302613855,0.2917019089527241,-0.03432124885645349,3.054262794370108,1.509335181364638,-0.21226550193563298,1
157.83994977585323,34.69590646408342,0.21981701409151927,0.0598688307219526,3.032629192274968,1.3933155950055,-0.20982906544537894,1
161.42092546348084,44.512849165123725,0.27575637444349876,-0.13307333900744076,3.0402948796802174,1.448795011226381,-0.1942861733816903,1
160.0152553099594,51.010279900901565,0.318783854714924,-0.24712560904120867,3.2367620126019068,1.2729698032666956,-0.8914683315089378,1
177.46199511392805,49.10348640288461,0.2766986045173271,0.060338576420517064,3.079596201603433,1.5062245666352014,-0.8041430272272412,1
170.48212012822663,45.11785294643024,0.2646485913742464,-0.05136279291571,2.6362486832061194,1.4316118041134835,1.041896821956124,1
176.0600664015853,52.20594197549633,0.2965234708955344,-0.33749544479234506,3.0519146418983496,1.5166115417507744,-0.2928859944642941,1
160.04099405967833,39.368660340402684,0.24599110104078925,0.13581801140380945,3.05966695315644,1.4032209135306923,0.4295543394248531,1
162.01081221561788,48.159474279435734,0.2972608656226041,0.27869172566158845,2.9169652439074905,1.5230028002781202,0.6746094315554529,1
174.39465185590836,52.31260542120913,0.29996679866325165,-0.19179974894982968,2.938691872034568,1.321467710054674,-0.25245320340088195,1
196.24764127211904,54.964059230688406,0.28007500561229504,-0.025380367508212997,2.741547245244151,1.5055951398680325,1.1927295453126447,1
160.2070292062902,49.998616978409636,0.3120875358972485,0.0772702806100435,3.094235501504088,1.3702447107015086,-0.46292658741170856,1
184.76332909014664,45.66600404690578,0.24715945675900433,0.246350005793035,2.6586885704510967,1.289436622866777,0.8179435204754446,1
178.5722769991144,47.78767388141725,0.2676097022700463,0.6236351731822516,3.0587740441537608,1.463894280468669,-0.2967054875630355,1
173.30602186330526,37.081251783545376,0.2139640122418431,-0.9030227676454572,2.569400701516894,1.5083795255825634,1.7934825415838391,1
187.8864779195653,49.820410675211875,0.2651623002722959,0.19118984568519287,3.0562328109062857,1.3547048725417583,-0.7081754226671615,1
163.83140580367055,49.748852176603386,0.30365882495216184,0.9591969831492221,2.5219170612091713,1.3847568780680828,2.1205276106117736,1
191.22267092212292,46.21279026704052,0.24167003862141992,-0.014700444531678299,2.886890062718909,1.3222136067624322,0.03337864519498446,1
171.68060332132242,58.17241157355358,0.3388409083388203,0.29489405444532524,2.9549467502972355,1.3514136462761852,-0.0962343062556048,1
170.5822456046981,50.948061404342425,0.29867153655842854,-0.3557337444551856,3.0513980109190912,1.4117789061308215,-0.08241607797161876,1
176.9067577326127,55.15900444633721,0.311797045818384,-0.5888894031395152,3.0697917016899714,1.3726623335031192,0.18275067698941916,1
181.3456225829975,49.45790853522964,0.2727273359608885,-0.1930854938121131,3.04604988153611,1.432866196322849,-0.6474622252978084,1
169.8110514669753,38.90910271041616,0.22913174598640987,0.10554975966048104,3.0251422503837744,1.498713139758063,-0.25098729283616494,1
159.60221541468235,49.06403531496291,0.3074145004032904,0.46395468396803297,2.89206299395076,1.4568962545132123,0.7142476293986637,1
179.57317060410998,62.67984328279431,0.34904904263777436,-0.5249782797164853,2.9909521314928407,1.260214696843439,-0.09780718163430802,1
171.30157974984232,54.71007595775399,0.31937870063807366,-0.2611884198831722,3.065338632742962,1.2417565311042866,-0.5306389026242329,1
166.8588950425276,41.13190969520933,0.246507144163492,-0.6180957074525181,2.8047724344187546,1.3862744886537894,1.1867294339186554,1
177.90802974229678,42.800152538011034,0.24057459688586222,0.475447021028588,3.185658881363033,1.415769494850693,-0.624217459771808,1
167.99541447699303,49.51764380028496,0.29475592506167125,0.7271072087377142,2.9009095550785022,1.3277020238536223,0.5707873065305251,1
189.46848690132094,54.42385094990626,0.2872448703211068,-0.2451170647603686,3.1090097013438163,1.4609716543226794,-0.42592003421661007,1
174.8631615173232,39.23723528326994,0.22438822987529491,-0.04297483015666017,2.9325584407219605,1.396136327605772,-0.8529156093007759,1
179.45936330874764,42.1692473526229,0.2349793656632648,0.03152972430306286,3.177906570104942,1.2966636734563666,-0.6030376141152103,1
180.83718302316657,39.004718347938265,0.21568970327823275,-0.43510145475112655,3.203590820407828,1.4288006126740531,-0.8830632850777098,1
198.35449434297615,42.50171504849897,0.21427150007001586,-0.4130020754516041,3.130561131319763,1.2908098327948518,-0.3113858654560988,1
177.77767329524474,56.75343547306629,0.3192382621568732,0.05107551237253604,3.1501974240127053,1.3446230223262927,-0.6186400455387622,1
172.60752918835013,46.83431179284965,0.27133411858148915,0.17900876022978093,3.0002400004270435,1.2059731355873793,-0.1613119096081972,1
191.74800492987322,52.10220138161912,0.27172226068622785,-0.05755764780168885,3.1836615719608354,1.4479690350329284,-0.8175921221402929,1
182.47613992657617,50.03351781756798,0.2741921099257153,-0.3396861005185365,2.712629192274968,1.5441349163296667,0.07048095228763662,1
168.2108651887015,43.67490281088214,0.25964376773097847,0.0829389983267377,3.1473632350111798,1.447336115338623,-0.7365603566630767,1
187.58129428520797,42.52926476879458,0.22672444462469143,0.2960916062298819,3.1484930703645584,1.357083080247183,-0.425865911578756,1
169.87604455788386,46.311322624110986,0.2726183244061277,0.006730335048620646,3.072574313021795,1.4941403690093977,-0.6070998029226136,1
165.6583156449265,34.81053642891302,0.2101345549324927,0.416995953012831,3.1167620126019067,1.460910485462627,-0.2881984334051926,1
184.0797366902256,56.45351625114827,0.3066796881948489,-0.0895049709791612,3.017906570104942,1.425671433137936,0.057815207667810675,1
178.82186495127718,44.20891194003141,0.24722319025180073,-0.4576775832583502,2.936174630069641,1.3509761706890027,0.11571072910522417,1
180.97203370306627,49.830184785923,0.27534743223189356,-0.15459334667830044,2.7679301736238213,1.336824178315746,0.8945950861142427,1
175.45791115804414,41.090974828307004,0.23419277339563338,-0.4593095506598261,2.8664957609623607,1.466020132962111,0.4222407250904614,1
169.5511245111111,49.770341425935015,0.29354179495679744,0.03811369828302593,3.0346537945431855,1.5295599104017545,-0.13798496558385231,1
159.8064513973505,53.15108572766745,0.332596620868015,-0.05630418292766293,2.993411192621123,1.4710173034237517,-0.3695682887844063,1
166.05155625607716,45.012257421667336,0.2710739871191058,-0.36621139808086967,3.08572963291604,1.5240259008790467,-0.23763615473216815,1
165.0857498707262,50.549002500000434,0.30619846073682233,0.13119185424455768,3.1165656302427185,1.3937998700095837,-0.6294761969902631,1
187.98103917870785,57.14070473967808,0.3039705759119469,0.060715375437051806,3.0522654849679105,1.395256204650046,-0.6394057968448701,1
176.57354855466852,50.55804577297668,0.2863285366739035,0.8359520847283626,2.7841782029400934,1.4692376840625583,1.4243033586643916,1
171.25742618966,46.927636760146555,0.2740181129907691,1.0131657794970548,2.6102681755657127,1.5956404845769332,3.22369778662976,1
181.9112544790831,57.195414771640316,0.3144138329177257,0.11557863044101023,2.876385734578486,1.2863057982699289,-0.15472341537241174,1
169.80138481382454,57.121085408197466,0.3363994084667023,0.21760206173929394,3.1619170612091714,1.3718451368031572,-0.5160810386766252,1
184.26245808580086,55.67856737472021,0.3021698937110335,-0.11606779195553206,2.890044500340505,1.5725349055642006,0.0031423874142282315,1
180.106836830137,42.5146096255132,0.2360521697774845,0.006458469797578918,3.0629068644807,1.4464461604229863,-0.6176264470114687,1
168.5002005963966,39.74258199564679,0.23586073995746143,-0.029068489168393608,3.2077269423182373,1.4190069780268328,-0.8057643747188803,1
174.80251177979517,43.42741298243842,0.24843700779966738,0.09994926037777321,2.9662531128416934,1.4170581164808,0.19397499602841828,1
179.32077985172947,51.41791249795887,0.28673705602035376,-0.05135037984576388,3.118962553309688,1.4093491183613591,-0.41850860482048446,1
181.0559271598399,47.45374822842934,0.26209442006577444,0.049958405111453455,2.9922540644017244,1.5950040944963373,-0.012185984537519623,1
176.18915257880428,59.500351325714476,0.33770723370215255,0.7907095609829149,2.7071607439940295,1.5577102957429163,2.0668107762032246,1
186.2426936927139,43.79009793457258,0.23512384333756933,0.2394782529748241,3.096371012428829,1.2592976224302492,-0.49030025430226853,1
184.4783912186048,40.018530017999325,0.21692800849817592,0.5139175142455791,2.944822001763704,1.2036667644497274,0.6773692344182614,1
185.76931424318437,54.340872716561805,0.2925180239693731,-0.027130304706801025,2.7406858798532947,1.3960851979566113,0.7974019506719308,1
177.2201432767488,63.22466881969171,0.35675780219271924,-0.030032978440208052,3.198759322004104,1.4580915903227019,-0.8319459877234978,1
167.89364944048467,51.849407809980335,0.3088229244094193,-0.03227164330384609,2.9325584407219605,1.2139498671421158,-0.2634636928594669,1
169.45615611629736,38.10560857019075,0.2248700161948614,0.8318026781233844,2.9179773216579497,1.6200695930903721,0.23153272525362434,1
166.97722091874775,50.247427449729884,0.3009238456195209,-0.4147350383581749,2.962515864307622,1.5063256950745738,0.4622522396253328,1
178.74047963331023,55.09433376649762,0.3082364659618503,0.3051913247917587,3.0975314422316984,1.4999040659699507,-0.471109364111304,1
193.50705726103243,48.9046466742685,0.25272797471307884,-0.209157861778451,3.1794738723807225,1.3315796704712342,-0.49633152653639634,1
152.8998422549285,44.55244439729628,0.29138319399319196,-0.6268552848296578,2.995001629550409,1.4279933883838867,0.3419664102395603,1
176.49937784158402,60.79359264694077,0.34444083254222974,0.03661062933294695,3.0898064238396277,1.41266567265954,-0.12011842875855416,1
162.72636311192454,50.55957244930667,0.310703019980428,0.12763251661923228,3.0343335459231153,1.3722156609841778,-0.11671569638710944,1
172.53106505961892,49.77167453700186,0.2884794950973207,-0.3514913495806269,2.960001923926167,1.4572421135342994,0.1809148867588739,1
169.30772420968344,48.14906428510676,0.2843878772209786,-0.08595982247810907,2.9691932194655073,1.3322305498287226,0.08515493928973994,1
202.37100350999106,64.35121884866038,0.3179863603605808,0.2779463408442807,3.009228804949234,1.369491056684652,-0.04131604650847054,1
192.77483783877503,50.096015114571685,0.2598680184416438,-0.44097762832552906,2.915518260529667,1.4738772469034371,0.5397735071598184,1
185.07839177896457,51.89542364410352,0.2803969882452901,0.5909404113615414,2.75681689185508,1.59600310339421,1.0781016635059801,1
162.0196059975882,58.6461944295634,0.36196973859099746,0.3627805585077924,2.9333953203212886,1.5218868011878133,0.23338440065249477,1
180.18565547406433,52.73418521458414,0.29266583444637534,-0.34321516181668177,3.1285638219175658,1.479860144926458,-0.0524306051082406,1
159.45599411309377,41.289605902365125,0.2589404439263699,0.00378385684181202,3.015854381449571,1.509202796087549,0.20653898708588514,1
156.1657830398297,44.765080452633605,0.28665101651119296,-0.07924848599595734,2.799082872207645,1.2992255896107119,1.135388172674861,1
175.95247647237989,44.968653063841835,0.25557272034702383,-0.2873405117822037,3.0139425457500377,1.5665212799809571,0.07549076865515092,1
176.85590389911016,58.223512935348616,0.3292144149655474,-0.07290111917146466,2.952832423580552,1.4012002858378496,-0.6571660794972516,1
162.56738141855607,53.91220021551468,0.3316298739948882,0.2964001883325625,2.892613319975134,1.4982914489367782,-0.24274835331850042,1
182.72885385949482,47.61324527232556,0.26056774431987995,-0.06845257387676236,2.9008822622124826,1.5180980257836048,-0.2724731875545183,1
193.63085999202613,45.91117722415657,0.2371067154587199,-0.2909449282973399,3.0975587350977185,1.2937541867068725,-0.08235324246346787,1
171.1864470030381,47.25694730633848,0.27605542455998167,-0.02682990668405088,2.9061755123422905,1.2926426645421385,-0.07297628801932277,1
173.29969634198147,38.500074437321594,0.22215892612614482,-0.7276904958035856,2.742766195443672,1.4913182150068847,0.9200900439069994,1
176.09439916651746,65.36937763880051,0.3712178124244955,0.36932523884433055,3.1172226141778143,1.2529402317973908,-0.6010790225781539,1
197.27528892053394,66.96255305930761,0.3394371055073266,0.04968611669000888,3.0525857335879802,1.3836205445798972,-0.14741604054290214,1
164.85528754354465,46.463664557255214,0.2818451579539562,-0.3194985946410529,2.989877175392635,1.501233223857368,0.26092372783059226,1
174.36221676055368,56.889681360536656,0.3262729874480864,0.5011423054624257,2.935392629723486,1.5580995087684535,0.4015560132044085,1
159.57223935663166,44.17171291369902,0.2768132670932733,0.2434075022778119,2.983692166410326,1.5304353325066309,-0.07825404595675245,1
179.439677325131,52.94036407202436,0.2950315385158683,0.03766021608945475,3.1876013115120565,1.5791122961825226,-0.5322895207673484,1
177.82162758484554,49.04874708448594,0.2758311671682506,0.6567042448443199,2.6949826566549495,1.4929905660423015,1.8505727408852781,1
180.98545788544504,48.83137708786002,0.26980829099964426,0.34365358223609865,2.9317215611226324,1.5229308410931792,-0.1828717171354639,1
156.0169827842963,44.55772429433016,0.28559534673179865,-0.10894097943813308,2.956965243907491,1.5271666384715772,-0.1778435120210693,1
163.4464037601178,46.29914573324342,0.2832680601599188,-0.10033120071907128,2.770044500340505,1.4617665519119118,-0.2611946544372947,1
162.98352496954388,51.212825861439704,0.31422087521428715,-0.5206383759147861,2.648102070191481,1.4022071815934969,0.3077665215983436,1
175.2129513075516,43.63014473687594,0.2490120987705519,-0.03079142194734356,3.141147631579379,1.4753670512130086,-0.48578354408027025,1
185.91169139462428,50.19570527729079,0.269997571969496,0.39822960530083484,2.947711070018403,1.5431581556459837,0.35331529128280037,1
169.78360370222708,49.75421919892109,0.29304490017882956,-0.6208077579018165,2.9492783722941844,1.2657238492859588,-0.22936189487298675,1
174.6163061410889,56.81684136472277,0.3253810747709616,-0.2587427283113451,3.1518744847948326,1.417707935479133,-0.7483903970840466,1
187.10006519587137,60.07408399562092,0.3210799736105412,0.24763497497105458,2.6920966889958757,1.38362138561518,0.8849942773970261,1
164.26154060406833,36.7315738704677,0.22361639696905383,0.19501673123537663,3.0040525721339124,1.4682553184957121,0.21934804733799051,1
192.0561537418285,45.420677926642725,0.23649686324396288,-0.48422082524258536,3.091226114351432,1.4546257729106538,-0.36677968309018194,1
176.09830516489183,55.77759037063954,0.31674121064601674,0.11326819363589288,2.799082872207645,1.4285336225657728,0.7917110538257335,1
180.45813726393084,38.51090043857266,0.21340628370915835,0.26082368685806623,3.172096688995876,1.5616063802597835,-0.47314014665569104,1
163.3820812259386,43.88971880742911,0.26863238904843356,0.8131410612476829,2.8172392267660817,1.4394664636644763,0.7696066359209421,1
156.41781207360407,40.17611128305611,0.25685125466497905,0.26984092268966836,2.9222229085535716,1.3577183102817736,0.45785013220647297,1
156.00298859310135,38.31724505897055,0.2456186602867747,0.25706670523388786,3.040294879680217,1.6607054505030263,0.05158662236750189,1
185.6261034021711,50.396408820781986,0.2714941912646567,-0.09104442349427934,3.2440525721339126,1.3408286564480216,-0.8156425807116361,1
171.75492060629932,43.84048229397293,0.25525022595693264,0.0763508782786643,3.180685879853294,1.4506679035091612,-0.6646229258273646,1
200.7979734228153,39.83542408479087,0.19838558828933206,0.8804705109130211,2.9750175018502434,1.448986476873981,0.9179574972674245,1
152.93962849439896,41.06895546052089,0.26853050360341985,0.25409150158034755,2.938171939471839,1.358306854755079,0.20573793247265693,1
173.47043381227166,54.39019058172112,0.31354156086668783,0.18374105366673057,2.9863238643947008,1.5421735711197353,-0.2963064394807877,1
181.75930698612527,47.65772839917346,0.2622024103712689,0.09918667309702453,3.1946265016771656,1.4544396222941711,-0.5129859784904909,1
177.75112728992303,57.947682377872255,0.3260045843948771,-0.075211281565199,3.012027408467033,1.4457847384525755,0.1294319974459146,1
182.54170322264414,60.5727777415404,0.33182980476335555,0.14627310683526532,3.08159351100563,1.5800377519344069,-0.7241199058365639,1
186.15999345226322,50.143382407338244,0.26935638252585375,-0.35130766826042453,2.998926967825961,1.3628496146143674,0.36876224138566904,1
180.09745565234454,41.20194610775692,0.22877583671860466,0.4540053048300191,3.09998720177651,1.457144174636463,-0.35648049038030694,1
185.5460268930418,41.634642917411874,0.22438983800721427,0.5561191735455366,3.0538570720473737,1.5584631601602044,0.08102686821011185,1
147.82717072162143,38.83083114567236,0.2626772260885387,-0.32914764169803445,3.123732323513843,1.4671268751683546,-0.29070587482709387,1
165.24037509492817,49.573564266791095,0.30000878561496735,0.34569228807238617,3.117602193784706,1.4775801629960126,-0.47226887540365103,1
161.0675416540774,36.18826718332349,0.22467759060385084,0.5042508309548184,2.9979773216579493,1.306987964289245,0.27267851199825444,1
176.43711473106464,48.599434133143966,0.27544904147419297,-0.19783387820465864,2.796300260875822,1.4560114604708214,1.0565110984654371,1
170.76792880101186,39.02888855353114,0.228549288075103,-0.03027678184208551,2.9137896220778368,1.274364860226009,0.3559077245787514,1
167.24470960362348,59.25124513226054,0.35427874085038813,-0.08578555401149361,3.1837164512140084,1.5200534543163937,-0.5233570115565289,1
193.2315019966261,46.93953936710128,0.24291866948237492,0.1695004114208115,3.1799905033599813,1.458320724491809,-0.893947111180641,1
186.72523281903253,42.05877902126678,0.22524421786116425,0.2147981712235419,2.9594580000808888,1.437957394234061,0.030894727463855798,1
185.71776476567354,57.49976750138904,0.3096083326974049,-0.22458843345454288,2.9938717941970303,1.305983334254164,0.06725470245391652,1
189.0598360801131,47.30257772752071,0.250198977785406,-0.23443075720871565,3.0684930703645583,1.3874298181811162,-0.16947402021965496,1
168.48967872321592,45.7028074421063,0.27124989369339325,-0.5570769452963583,2.810151158251226,1.3616390230081092,0.9231378463276325,1
189.84667624448525,46.41304837698765,0.24447648647383616,-0.11707110599730886,3.03211256129571,1.3517487033065074,0.13865407367264337,1
178.95439568128654,38.42353145111634,0.21471130287041243,-0.5356015821019646,3.068117942491315,1.4450108982950638,-0.24836888130216828,1
183.9071993619625,51.55325862017948,0.2803221342015729,0.06749209064398735,3.1472810628919867,1.3039634274117284,-0.643391088959711,1
177.83011948387772,39.4592098362512,0.22189272520749004,-0.144035424380732,3.0832705717877573,1.5600348763977427,-0.32142947131480426,1
166.87584697830798,58.899305538861746,0.3529528485120918,-0.28736091533183133,3.1811476315793796,1.4067942464775849,-0.7281029603150615,1
171.81643001836215,63.66602579372192,0.37054678523420537,0.2046432614618113,2.860827382959309,1.3073412681703764,0.6637078309800839,1
180.2370728282525,51.72563074102006,0.2869866333787461,0.13056615956076076,3.075463381276493,1.3431021037887623,-0.34653700437650103,1
184.45220109745318,52.92771374619898,0.2869454169225947,0.580251119024646,3.1124876891689532,1.3571968583150165,-0.33488736274082553,1
168.02910045506948,43.51752200083027,0.2589880079282263,0.4750461511560754,2.7562417639579877,1.428872349797416,1.634925118678348,1
181.08090970419448,52.31131890299462,0.2888836762994399,0.6479261659103167,2.8922654849679104,1.2911748267290288,-0.1832304241855618,1
182.49687367507315,58.32999858019793,0.3196219058746818,0.16643766462233123,3.2309521314928404,1.4918023128283604,-0.9510200562442592,1
155.4556977590716,44.44313070026574,0.2858893648860951,-0.1530160751456736,2.9862028052083103,1.4761319282058416,-0.24749580515117708,1
162.48947691752514,44.74676948123104,0.2753825683366756,0.22379047837263094,3.109040295793307,1.4743201124754148,-0.5604304949823282,1
176.04354437659813,60.26251226430996,0.34231594505615276,0.26610670443131135,2.935392629723486,1.4458426151453931,0.39277889671943544,1
166.56058444759697,35.561533939147964,0.21350509820248786,0.1414181822853657,3.0918597626451763,1.6035596005825046,-0.5192826363235459,1
172.27796104579812,48.89155173816357,0.2837945808121464,0.14780126700925655,3.122110141984888,1.2829138954310888,-0.448692456633375,1
187.29473068238747,43.29630006257098,0.23116667460331497,0.8279897230389794,3.025979129983103,1.4243978469294776,0.5081044755040556,1
184.64511108927715,51.40006277090991,0.27837218363207916,0.0672343533175565,3.110490379766756,1.488023103195491,-0.622674459521154,1
197.7613837181595,58.98797891289448,0.2982785506646811,-0.13625748052066775,3.213857072047374,1.5784118861028413,-0.5665189535091133,1
167.8413468790176,50.50036490686841,0.30088155181017334,-0.13021231180231488,2.9461194829389394,1.3358644078728734,0.5122008694956417,1
158.53008517151918,32.4216754886624,0.20451433842090144,0.17331431486942364,2.946440881709188,1.4932492762030147,0.1490439267644268,1
165.48653593201246,44.05297358782713,0.26620276592124453,0.21922126185380192,2.9242202179557695,1.6195968737337743,-0.21843527328800638,1
179.84748982719168,44.27188633536002,0.2461634931791326,0.09438353162021502,2.940827382959309,1.438054102488213,0.2403776814351799,1
173.03436884714492,54.61305739074408,0.31561971043445225,0.03684434503537783,3.0709521314928407,1.2370514370415635,-0.5106376226529208,1
147.1868869038231,48.28191430302568,0.32803135740329037,0.07191481992157063,2.8813038568350504,1.5132964911192563,0.09511756991775977,1
166.8846755938133,42.964501594735495,0.25745025085052364,-0.2993447224140932,2.9298624532429787,1.361937074997968,-0.371131491932454,1
166.37351082318216,49.66509455863358,0.2985156369719003,-0.26673548101721767,3.1076561907652303,1.47374974162174,-0.6845284250339518,1
177.22044654064146,54.13612903000132,0.3054733812420817,0.20206320157117502,2.969806423839628,1.4291383802307296,-0.28908634784022036,1
185.46299681247265,60.29246241435758,0.3250916002145762,0.5184296569270467,2.938368321831027,1.5267846835049859,0.1389532626360208,1
171.59388665349394,42.20743675119632,0.2459728465526712,-0.127297669605836,2.9582426910248465,1.3548195555295914,0.07133524406290137,1
181.41454858515542,48.458834983006824,0.26711658662954696,-0.007896857452061892,3.0323056420714267,1.4355918814568063,-0.22488232386095852,1
185.8713327321732,44.78096344390066,0.24092452981131152,-0.11575983468511142,2.9380753660769763,1.520438594413995,0.37627614141221066,1
155.35631481965808,52.48487866952044,0.33783550240906746,-0.027951509131680135,3.1649749254359048,1.3832068368259787,-0.824698394065571,1
154.37494910517032,54.683044343781994,0.3542222663764464,-0.05435694779634496,3.124751250210697,1.4917813143554632,-0.5424091355382457,1
173.9445932579343,55.56097719405947,0.31941767291191797,-0.41413244640020747,3.062824692361507,1.393830169218283,0.07137863979063663,1
173.4351310406477,36.82894456358735,0.21234996821350927,-0.29767840291131303,3.0127821159471684,1.5916229054624953,0.059324092353947755,1
171.26769090787184,58.3500503763258,0.3406950258219655,0.10937403834683458,3.117460690678691,1.4162632732134097,-0.763862067501416,1
194.17973124321247,41.54318972228012,0.21394194675368444,-0.5778922725134483,2.8629068644806996,1.3564143634888044,0.4449898116073716,1
185.55443491225913,48.20581695214942,0.2597933968807801,0.14240521922105234,3.0114013125025623,1.4565345500079385,0.011017060208232454,1
190.43717908085736,49.3010883478581,0.2588837357590003,0.0056450528437530815,3.2125584407219607,1.5470650566359874,-0.8643958330999779,1
200.9804483648581,60.442220111417264,0.3007368159597843,0.06745336719563653,3.0085638219175657,1.6279956471560972,0.16972839914581028,1
176.8565786744951,39.89335953274682,0.22556898833924993,-0.11039397242501109,2.9121337455037675,1.408873643175441,-0.22022954935923567,1
163.35130262150477,48.97294017161737,0.29980134462160213,0.8014429525996278,2.697389939125684,1.4819653142376061,1.903770371143394,1
175.3246710180568,40.757099593239616,0.2324664256124115,-0.5155667427187437,2.7022459233209357,1.3382202063672164,0.9620154789078659,1
177.78643938660406,42.86222595613559,0.24108827480891207,0.17486033625134226,2.9221101419848883,1.3739742271630189,-0.01683780394087231,1
174.44994632064274,45.54476495382581,0.2610764056648866,-0.005643036352400787,2.9995962016034325,1.3939458131465121,0.037949871109298705,1
191.95839102410235,47.359920763131086,0.24671972144830365,-0.6900498347461198,2.943489675393175,1.5579200264162438,0.5507611195860611,1
181.6986207603768,63.99785689998569,0.35221982771341853,0.22571525863216846,3.1392052014303546,1.4442697897256405,-0.8926733850115354,1
190.78619428722476,45.130642397805715,0.23655088129627685,-0.1482443461786904,2.9101974240127055,1.515309456159633,0.17138423836184913,1
160.5496223399997,45.54802445984291,0.28370060169549816,-0.06947470240165679,2.9104355005135822,1.4180994812318635,-0.18391911688635032,1
190.53292683892357,45.812151549631515,0.24044217610933508,-0.7580367997352735,3.0284930703645583,1.3700304770674818,0.15216026120612636,1
183.17028607456695,51.11295802889502,0.2790461221864741,-0.1053511108111388,3.214555750124158,1.3967640260490917,-0.7799388297078282,1
171.13816368183143,50.28219372119515,0.29381052501344135,0.22639093679212577,3.1999197518069735,1.3065003177809462,-0.6626692130639591,1
187.70164249986206,55.453365761043386,0.2954335669230179,0.014735199813196197,2.731398010919092,1.5411842119247685,0.8610008888205849,1
177.33008795401983,56.22586476205224,0.3170689498368214,-0.06883342971129297,2.91366930317988,1.4116280057745692,0.015843976193555598,1
165.50925965889667,39.889806804134935,0.24101253843044865,0.27288376362894806,2.8422921890824147,1.3705176871262272,-0.2548931607629852,1
189.07198503997435,49.80309594920355,0.2634081190752505,0.5557312087703477,3.0522381921018904,1.3452517140286386,0.21436723089590481,1
180.9865210837804,52.24139386180496,0.28864798079422677,-0.4784377311497565,2.844107451387086,1.367812006107924,-0.24737400196642323,1
171.890316524559,49.15375282294054,0.2859599878386264,-0.37099026671547886,3.013536823427304,1.2090781324528548,-0.34769949009236356,1
159.74176976916874,43.7067810360995,0.2736089696468056,-0.32501068928662413,3.1541647499510805,1.460688363917129,-0.6185164561041425,1
176.91187838739114,52.63888111759197,0.2975429439640366,0.05491545463341136,3.0872924834581723,1.5561011973728356,-0.19127411173817288,1
155.66778664813404,46.27110227485664,0.297242629777002,-0.2963009974429186,2.941202510832553,1.406012002321787,0.14286563190859436,1
188.09628921110473,50.31760400480474,0.2675098175293195,-0.02021909033878897,2.9892783722941836,1.4242801404157632,0.15689726877514598,1
180.5064747916654,38.688717944856684,0.21433423919839953,0.2098119247369414,3.153466071874296,1.3531947272931684,-0.679096485662162,1
161.0028945317007,46.438731501311665,0.2884341404940897,-0.31735824757751757,3.2072103113389794,1.4274209445521673,-0.7089187445818546,1
173.15095780608902,58.59116453669574,0.3383819834384729,0.07970341747581615,3.156300260875822,1.2621125830115276,-1.4779842361871895,1
173.7936815752057,57.47809882208188,0.330726055752547,0.18317903628824872,2.7184696678335247,1.504333293461373,0.61324030622721,1
202.7193579297935,60.1168997058726,0.2965523387593429,-0.10895843484796112,3.16480612946387,1.5148095298849846,-0.40343515153505205,1
162.8768379584657,46.993615594495594,0.288522396330405,-0.37026350174444694,2.9232705717877576,1.3001099713328828,0.5603040332004974,1
181.62093145738135,52.90030920923801,0.2912676902642769,0.49183853886482765,3.052558440721961,1.443960466826285,-0.36086300682324124,1
182.77959067441526,56.28053450686292,0.3079147638924045,0.16918359767113014,3.063981820580905,1.2884555270189328,-0.30529679574265334,1
178.43779693272327,44.57195967268614,0.2497899012365143,-0.2656172747291525,3.0159398551522347,1.5806006626698266,0.17459127091937976,1
172.1402452378209,44.53842161122722,0.25873334588140634,-0.493510297255283,2.9163002608758224,1.5376185772970503,-0.2212997943638868,1
158.67949113450018,47.77579420321234,0.3010836111310474,-0.2244765853780474,3.0922654849679097,1.4219627869251081,-0.41134512000494183,1
165.45568961388847,51.74351224648677,0.3127333509487448,-0.07679213322748549,3.0074033921146963,1.3116808716721788,0.2945752969872646,1
167.99354991097434,45.42355038599184,0.2703886572434678,-0.7066027196622149,3.0708351141783545,1.4942261154077874,-0.2876410240916707,1
222.4898662567795,97.5099581420119,0.4382669637163336,-0.1268964831910823,3.0351704255224434,1.5008767882938223,-0.5189763919973416,-1
206.99153639914763,107.33782054768784,0.5185613982820306,0.46927889874938455,2.937156314358455,1.374340419495872,0.5560625616069994,-1
215.42212490629615,87.79134765154934,0.4075317133267376,-0.0878553156642935,2.877922442404776,1.4913967667885952,0.4416554046795107,-1
225.2923129650667,92.76975670311143,0.4117750645025163,0.537503374938777,2.9384810883997106,1.4651038304684445,0.6696904665254153,-1
245.60437276319283,112.11866461916483,0.45650109302926606,0.8594490148037852,2.5093332515473574,1.5170082816400061,3.1471045450445265,-1
211.38970283927813,93.968767840077,0.44452859613281387,-0.32241061244659885,3.248047190938308,1.245092250746947,-1.0583623340895991,-1
208.29584856774312,81.2023162430419,0.3898412608863534,0.5532343840975854,2.9072462176966933,1.4387805752686464,0.8021163950492229,-1
231.86556356452056,99.96909520811633,0.4311511104593081,0.7048826216862712,2.7881728217444883,1.3018783816383908,1.4403258331389281,-1
249.0326033434038,98.26335661753768,0.394580289079809,0.07027722550173164,3.104876881016877,1.362060412773974,-0.4954523309325567,-1
222.6101425867806,109.13583540220871,0.490255448983705,1.0032340711792154,2.582042692015352,1.345623842503857,2.31230473598185,-1
242.2454492876243,104.30320908879912,0.43056829094426957,1.4713769153716814,2.4903536492683767,1.5339784444568216,4.487879810131354,-1
207.52045048113058,99.71754015057493,0.4805191002591913,0.5172290297850125,3.1073632350111797,1.199029904637406,-0.143920905867287,-1
227.05290974695808,88.28406147437688,0.3888259418157915,-0.22157103249632032,3.1305611313197628,1.5276910748293056,-0.23962398980971322,-1
215.196611224692,93.13433273776283,0.43278717172975845,0.1678049012286855,3.090099379593678,1.6014213557332475,-0.22851558196537702,-1
229.48771651145097,101.49295806605708,0.442258782338761,-0.1369986926984562,2.8988300735571118,1.2813626476901898,-0.12504054732513703,-1
238.77243007014403,95.33745035175622,0.3992816520891838,0.7315304060524938,2.9134660718742964,1.4769844318580583,0.836516980206262,-1
247.08160307933937,92.37849735037732,0.37387849276950835,-0.23569489487500206,3.0251422503837744,1.4723890544883957,0.18449976491699926,-1
233.2220236992418,89.32019024015763,0.38298351426425775,0.22420835212399962,3.028578544067222,1.372620464763295,0.14929363366607662,-1
237.75166114549654,98.5769911620048,0.41462167156711804,0.2609134574897194,3.154571622423992,1.5893216075183798,-0.4728560020010373,-1
262.97719139558995,160.01652582456822,0.6084806251651665,2.3724753332137594,2.178013228015663,1.4780417827792809,10.017122294423825,-1
212.06305756272963,100.4193958617651,0.47353554652988245,0.018939345721244137,3.109877175392635,1.3130886824282415,-0.5077219956886703,-1
240.6659539146024,87.57485038718207,0.36388549756504823,0.7250303800410539,2.7314834846217555,1.2857716830114787,1.833678298346432,-1
219.7301847122161,73.42152434224872,0.3341440068346094,0.15130593225241004,3.2334111926211233,1.4639524729014246,-0.7809553403414182,-1
219.14733326220954,89.3141436317021,0.407552956735448,0.44216210783772747,3.033927823600381,1.5103182076400503,0.08881169038689674,-1
239.25363960904642,97.21778940341143,0.4063377659051316,0.13381838254620257,2.9966238110793633,1.446458481064606,0.19215888254925817,-1
248.70637276562906,90.51854935281372,0.3639574987413563,-0.17333785077405534,2.898688570451097,1.598988771158679,0.02897603106657476,-1
201.390983138825,102.19345725630185,0.5074380970962179,0.8865619576432097,2.8070831434946264,1.168650236987922,1.4656013903751353,-1
206.96700487843384,77.31437850616078,0.3735589571466858,0.25595605674783656,2.964376122337453,1.2874644649404225,-0.35956207972743126,-1
257.4033012917247,125.217252844483,0.48646327462043565,1.1608822019610199,2.725491556415163,1.2645924789011904,2.0184781086156702,-1
234.0493660535581,90.26555813324639,0.3856688853948474,-0.3498731569761666,3.0717056888227985,1.6246127721851293,0.006619046306615584,-1
214.03966716026332,98.0873826030754,0.4582673104683533,0.5442174298524741,2.908578544067222,1.2145317576686585,0.2971765826001578,-1
219.15674973832313,80.14162569387915,0.36568175878484055,-0.25580631568006323,3.1157836298965638,1.5096126216631525,-0.15150737522785152,-1
229.5982449631617,110.73009390090402,0.4822776146162193,0.9445581677005568,2.8565742437344133,1.462885590919615,1.3302151199892034,-1
238.36335629395265,91.24130057168799,0.38278241249115524,0.20713274202776946,2.931314688649721,1.367498537386267,0.35867662086600705,-1
228.51896421638943,112.50692456323574,0.49233080041751176,1.0402382154869982,2.5823841248434793,1.5383338888474933,2.845362780739358,-1
285.03660866653104,150.43484446924992,0.5277737662296077,2.9792849576796625,2.106454451849273,1.3083274515313568,13.977886375089515,-1
235.06173935378047,94.80202614454637,0.4033069201528551,1.5112838011414271,2.3943884251762886,1.5628115444863342,5.4557565738160605,-1
222.8104545562976,81.66122767824059,0.36650536816533097,0.0019174036506798234,2.979205201430355,1.5457922907615196,-0.02320407004894287,-1
225.7065730993288,92.62811393280023,0.410391742964599,0.1781847159358466,3.073004320148211,1.5914411509043371,-0.04634181983796548,-1
204.2768233426401,113.87500946648623,0.5574543778541142,1.658708360336334,2.405095984622295,1.6316230384034849,6.336305508943649,-1
216.15559557994592,83.39751611904546,0.38582168504724457,0.08960911890858372,2.9359092607027444,1.3692840331498006,-0.05143600384240887,-1
232.4405811706294,124.07250772638167,0.5337816103432594,1.2243128544026518,2.510191315354743,1.6140591042016972,4.512927588162642,-1
204.40363318311236,95.24797714685008,0.4659798637802265,0.40312162451682415,3.1180046145239695,1.4050932747247293,-0.13311165728524532,-1
258.6289589506495,91.11166104183935,0.35228715845090225,0.992815924866096,2.8774606906786917,1.4997714920829581,0.9765732540903675,-1
227.51149322933918,97.79815443895916,0.4298602811259972,-0.11731993087999233,3.078759322004105,1.377357228078468,-0.858098300977971,-1
217.56917876397725,82.4172015329558,0.3788091769301726,-0.1299247898049842,3.1195962016034327,1.5251710230098365,-0.6207238443786283,-1
201.852157958228,80.8514471651679,0.4005478464188606,0.4804603585836752,3.038814201257278,1.4208877471098114,-0.03150668564859416,-1
220.6358983392186,94.80092427056563,0.4296713498762251,-0.20328008107973558,3.0819170612091713,1.4673127052699988,-0.24862569761083808,-1
223.72393226999645,102.23627215428009,0.4569751260714407,2.1369378041776157,2.2412183831323866,1.4051578191100953,10.636122353035026,-1
206.24035327205473,89.3511987129475,0.4332381965768018,0.44802879457586925,2.9989625533096884,1.3224533650637673,0.0703752967974749,-1
257.47667648815,108.47718585178855,0.421308785445586,0.8802809338466385,2.707042986391109,1.4400450336531354,2.1893171674853953,-1
257.8684709676201,139.8446146782161,0.5423098611220912,1.0488365237545292,2.476623811079363,1.2968175238765214,3.620102958260425,-1
232.20419776712606,78.14535659845508,0.3365372260704168,0.08229319776843842,3.2251422503837746,1.1331699688056769,-0.8657026000701089,-1
260.80029696634136,162.8569810870145,0.6244509035510518,3.8726203815516964,1.8326324938584388,1.403394718369631,21.353588080175317,-1
235.03357752868226,77.3969896855027,0.32930184061065737,-0.019799089448700034,2.8812183831323863,1.4099787909800914,0.6440159871680446,-1
261.4142446447675,93.32722846602506,0.3570089632753037,-0.05503115170966114,3.068200114610508,1.211598573744545,-0.3332533083607494,-1
218.00421570794958,96.05525434499707,0.4406119121736525,0.44057939358411036,2.8979931939577837,1.4872780393141367,0.6653609800756555,-1
234.08627797473144,98.52871063489266,0.42090767339010104,1.2392221877401568,2.4918037332418255,1.445733485754448,4.4401362895121625,-1
246.8799308475823,112.3214916350411,0.4549640436524007,0.4339214981310355,2.8192052014303552,1.1837219357449467,0.9990810736511566,-1
223.69681505934244,81.10366370711309,0.36256065463246695,0.040819651994376135,3.002460985054449,1.3585485856006745,-0.09804670832206197,-1
229.08476282059794,87.8932375784507,0.3836712511834849,0.25779367554686977,3.144498451560163,1.4293404510188954,-0.591845976549843,-1
202.24054758676527,94.26525422463217,0.4661046231799312,-0.13004629873461512,3.0565742437344134,1.526292872665066,-0.5135296149829376,-1
213.76771262834234,104.83959736208513,0.490437007876675,0.2747312563745473,3.157460690678691,1.4763412349793585,-0.43492226436875026,-1
222.90820616292748,120.64536936067219,0.5412334136881906,0.5480559878198222,2.876128364308162,1.436166329057141,0.7428509528274447,-1
256.18321807670736,112.43331830092997,0.4388785461632571,0.0707888188298642,3.120001923926166,1.4426358585843897,-0.23638452474134297,-1
224.68362574083906,92.63143118424027,0.41227495274215414,-0.21817470249703005,3.160756631406302,1.378671216208649,-0.399800161900012,-1
241.59381837478458,99.14424959591149,0.4103757714616232,0.8954979533578117,2.723473803093341,1.4362296566879964,1.9699747942115362,-1
225.7429885778455,93.43526848203199,0.4139010875627335,0.7645718631366178,2.8033833383564413,1.458573210537496,1.2414531440388448,-1
230.28001564817973,125.74796873724775,0.5460654863310617,3.6808592578911377,1.935219112968929,1.481295262100135,19.37316933825749,-1
228.3431788710408,86.78580935565786,0.3800674484113714,0.5071821658845814,3.0498064238396276,1.5580718491351602,-0.1873475791144963,-1
254.58855446243177,113.06284059595964,0.4441002496545606,0.2537840438835638,2.703544554646349,1.4834162877795933,1.0987949266028405,-1
245.42900173726255,143.42168194003736,0.5843713698252075,1.7614353272379275,2.411346433249389,1.3536392437592224,6.410557629874393,-1
232.52396845803355,93.55670452677316,0.4023529494494177,-0.19701540843537516,3.160756631406302,1.4795065621535095,-0.8565865122467655,-1
200.0261584109532,74.23500623404898,0.3711264907739385,0.11511114509501245,2.880436382786232,1.3101764459632372,0.2493378309301595,-1
228.98557401037107,143.40728645125498,0.6262721443087933,1.1652384375019698,2.8492288049492345,1.4149393420843732,1.669704134627187,-1
220.50984126234457,81.7718995096234,0.3708310660490562,0.1014144054192246,3.024822001763704,1.329372141374182,-0.4100856578904253,-1
227.90801652133155,91.94584572960474,0.4034340131295859,1.3634415479880884,2.591007010746014,1.4676857613278262,3.17364138383798,-1
249.50388402948258,122.72125191064032,0.4918610882071038,1.8088501875124678,2.3541859341591382,1.2360878228602303,6.638891063199818,-1
227.9221331284654,96.82793191982732,0.42482900010966246,0.6638390148369226,2.7137863204943664,1.4548719332149938,1.7103211459522303,-1
220.36809629785876,84.42756342543913,0.3831206279121425,0.055539631708757885,3.095854381449571,1.231110480214214,-0.5892777379968623,-1
228.4611402335707,117.78031411336893,0.5155376270684566,1.073352195167113,2.5661047607892837,1.524636509252328,2.840737554296897,-1
240.6078028737007,106.01054339625064,0.44059478591347867,1.082621188310196,2.7356824848819112,1.329230814589219,2.059275344367,-1
256.88277869337935,133.3232294239444,0.5190041547435992,1.82005552550823,2.4865104831120175,1.3333362994291278,6.014322978825842,-1
226.7016707015222,120.69055965199873,0.5323761367903688,0.45315372571228696,2.863661571960835,1.2951344877493964,0.382991033727512,-1
212.599593645665,61.32427857874754,0.28844965094785335,0.003977044816307195,3.1019845111787077,1.445473685591739,-0.47451876614800126,-1
234.42977427709525,110.62794650668604,0.47190228650702093,1.1184006713859163,2.6721125612957097,1.4085466944516403,3.1299164625961033,-1
232.4933114356476,116.51739130084458,0.5011644876205211,-0.19393947286849378,3.2219878127621784,1.2952917414790155,-0.9256526125986024,-1
240.2533349412617,99.77601273575526,0.4152950166546033,-0.11292607543899914,3.126566512515368,1.409679491482591,-0.35045887639811246,-1
220.64351626666013,107.09516066384391,0.48537642291021765,0.7620146537673856,2.86115093316285,1.3733153960401543,1.2913480052692439,-1
233.57144925992637,111.23668587499166,0.47624264963653,0.590230682535149,2.8870271140912758,1.3917403849241063,0.9669372457899597,-1
218.2827056396469,87.08092991357171,0.3989364602128842,-0.2891082257789685,3.0546106293773314,1.4541897589031483,-0.23145570211214084,-1
245.68559396548312,92.92098503857704,0.37821096279512306,0.21826144136650794,2.877167734924641,1.431193330006665,0.04796853967906811,-1
253.41990872289557,139.91500304160735,0.5521073847224796,2.8143506154589475,2.1202383802401465,1.4436749044983659,12.483350469213384,-1
222.34467496924017,88.11618414340798,0.39630445008677734,-0.0191264533688681,3.151789011092169,1.4767440319453393,-0.1919165109274661,-1
221.55546696445413,110.73457739303548,0.49980521316046556,0.3031833000872508,2.906323864394701,1.3287796064636148,0.20955289066743132,-1
221.828550452965,113.45940229295448,0.5114733971856865,0.5523604350424739,2.798180552963533,1.5858990631174341,0.9219547024360488,-1
223.8608342053455,81.08691205467512,0.3622201817594177,-0.5968137880057335,2.9937863204943667,1.2784337306881146,-0.1833269100689181,-1
185.89518360650993,80.14259375504582,0.43111710696435324,0.14856386004263927,3.1783683218310266,1.4144451677387229,-0.6945959859783564,-1
221.62115638749415,104.71736203417426,0.4725061620519698,0.16605410347522226,3.041817186230838,1.3809033063444816,-0.20340545639567909,-1
210.00389295602415,83.15660656950877,0.39597650024003206,-0.21641701280532405,3.0486187011707386,1.6123717102840684,-0.3575222905550106,-1
261.5227545985175,115.8686092474535,0.44305364336396574,0.2040644798892062,2.7030279236670904,1.491533261957325,0.7286093178965345,-1
201.00753900005995,88.12150771418796,0.43839901802967535,-0.0006944321127025186,3.258688570451097,1.3594432531574712,-0.7597867636290396,-1
225.90119076347716,105.03425401052723,0.46495661955363526,0.015909910719158173,3.0251971296369478,1.1263864759664717,-0.24289732001805708,-1
233.92179601731775,117.93240181388389,0.5041531136549289,0.9344844888410055,2.751523641725272,1.6111044370381677,2.073461808347565,-1
220.48739899046944,81.0668548063023,0.3676711466391166,0.3286646961483273,3.008884070537636,1.4000920833090935,-0.4269835496677157,-1
224.48500806869586,111.61334573855132,0.49719732599869615,0.5627270036090288,2.82258661586063,1.563958792733141,0.6867308573848465,-1
222.0746950512207,118.40194793970255,0.5331627176720589,1.2955070882883164,2.581664262558638,1.5027611324915844,3.520178579014404,-1
259.0450772733826,129.76792982649124,0.5009472914613272,1.216243394882415,2.6379224424047765,1.5448247698822979,2.90258097887277,-1
263.96129528468896,153.50853811209117,0.5815569966291017,2.580274832376704,2.269158053396227,1.4365519469247725,10.406862837627441,-1
211.702590430613,72.04117557222943,0.34029425632295907,-0.18351523839989253,3.0918597626451763,1.3488826282974047,-0.4229816365343968,-1
249.19651602368967,131.96853045793907,0.5295761456207261,1.0115904132831999,2.8089695442402998,1.2862556509864373,1.4627461115892153,-1
218.8428460050059,104.74775067182252,0.478643705215872,0.4965732236644218,3.126104760789283,1.3944216666869358,-0.14047255616395082,-1
228.81647434994295,124.3064388902155,0.5432582563968105,0.7744662201690161,2.7964486129282324,1.4997219469536545,1.434112163082073,-1
225.62564119918807,88.39278093826637,0.391767444819053,0.40069304352710505,3.1411476315793796,1.3347969353956763,-0.3305465174761135,-1
222.30544842066007,122.12038727750354,0.549336006585047,1.8340856442837787,2.405029804689078,1.6204712973613762,6.771395176730401,-1
252.58921252032113,120.20256289630764,0.4758816170213017,0.5486186950980123,2.8706318828727704,1.3040584288145631,0.517659878708709,-1
223.66498994595673,109.12789956821965,0.4879078285546065,0.5563246299269773,2.9959251330025785,1.47591503051541,0.15313870285838593,-1
217.55853784165737,98.08855264435017,0.45086050686615947,0.1058254870118139,3.067794392287774,1.283546629737056,-0.4843698975200881,-1
200.1453793509564,79.07012884717433,0.3950634738787763,0.06154534137729791,3.143661571960835,1.3560048070534885,-0.5972037428386048,-1
230.03996490821606,94.86916319711082,0.4124029632631999,0.278202592321864,3.114764703199709,1.3899846087462797,-0.3119533413554261,-1
224.09239256466302,85.03561286363953,0.37946675427235693,0.0783201438894676,3.1040672942835688,1.5204362822606536,-0.3414410561592853,-1
214.07714406960469,93.43519638225297,0.4364557308923815,0.23851751487811326,3.1056588813630324,1.436572055422832,-0.04572357546778516,-1
250.77246040826893,119.18794166357861,0.47528321678359436,0.19927428946567674,3.0563710124288295,1.2677711982254198,-0.30684697497854385,-1
258.87807307737165,144.47100596461812,0.5580658270792971,1.337079318045401,2.4983956146970465,1.5024233684469834,3.937243083206095,-1
217.20278380147144,92.93927114073428,0.42789171259279535,0.06978289986797494,3.1750175018502427,1.4493116986098284,-0.7403832235489594,-1
194.56996595592915,88.91748740596357,0.45699492709015394,0.18948216781757526,2.8701152518935125,1.3357815080555244,0.4317165821299902,-1
253.45772190358176,100.67253869106968,0.3971965735941029,-0.047351786050965836,3.1990795706241744,1.4413051569292694,-0.5619272671391027,-1
189.56425489291397,89.23154989436543,0.4707192816745588,-0.23121392992033954,3.0844310015906267,1.4309033208537507,-0.6769233177809197,-1
208.0112214254199,101.77078182203626,0.48925620995175506,0.12446388510632225,3.1114687624720987,1.3525940705600668,-0.8121466045966015,-1
219.2532415520968,99.9738421195405,0.4559742944360789,-0.26536784900361104,3.0696746843754847,1.3496221685077243,-0.5048681865451758,-1
213.53965954481623,89.70103012307692,0.4200673088750106,0.35071985274472417,3.1167620126019067,1.3188913568503242,-0.5135033972154215,-1
240.5532911913546,117.54193226090763,0.4886315696566618,1.0129254631261464,2.861233105282043,1.458368389045155,1.6996560847674038,-1
220.5565953249497,90.12058010173439,0.40860523789351316,-0.43561747179374616,3.1123056420714272,1.3587584582945609,-0.5324049037389091,-1
219.93784346545416,90.21733024101913,0.41019466599975846,0.04553203723240001,3.0192052014303554,1.5513889837284998,-0.08209947249431515,-1
244.30342911132502,105.4694524692045,0.4317149900550263,-0.0397483272954166,3.156245381622649,1.439611558033919,-0.7173079751407547,-1
269.4350590499682,149.3090139423464,0.5541558491638472,1.0544300009129193,2.6243265549925034,1.554045308933506,2.9695163342241084,-1
211.96214197266238,93.29429542777471,0.4401460306048769,-0.22629602421642253,3.2440525721339126,1.3627125056676401,-0.6334495262569311,-1
202.27303480811878,85.15767742798612,0.4210036078648289,-0.048043969293721706,3.0769296584237638,1.5038136981041903,-0.22174735298923487,-1
210.5436321545871,77.46070688531529,0.3679080962583634,-0.26396114795902553,3.129724251720435,1.3960019627668492,-0.5174677917661286,-1
240.72696440678862,95.53136405207586,0.3968452985210402,0.1486124138392585,2.991468762472099,1.4208816275795855,-0.34692848217748384,-1
250.74313700170794,117.41306676000247,0.46826034069759087,1.6319169610397257,2.444654676815835,1.2875899535054391,5.390170813230865,-1
238.19759425484943,124.94871921656775,0.5245591149123201,0.6305668902932782,2.8654208048621554,1.4531168657260851,0.8920158611589617,-1
214.90897127005704,104.17701505422592,0.48474949388369604,-0.0714799073510032,2.9884963719480293,1.4778618105877446,-0.2689271259555732,-1
218.8006764806495,80.87562363402475,0.369631506332099,-0.05723613724287179,3.0917215611226325,1.6019359907198019,-0.6523837327350566,-1
232.87876779279762,115.41730081480401,0.49561109374082485,0.21693987114693195,2.94588255658824,1.3850611104691009,-0.14700021137778485,-1
250.5110213800971,101.70231332191553,0.40597939668132976,0.04941128038004846,3.043590820407828,1.3417520572288977,-0.22154697661459455,-1
238.11056200227355,100.12513128827415,0.4204984879558519,0.047662571657708847,3.0435941219912985,1.4690571898823632,-0.3827403796557305,-1
211.48946502073784,111.60048813186899,0.5276881669776122,0.6474174508256861,2.8315236417252723,1.4642532711329912,0.038848822559241825,-1
219.13971196244012,127.47122699425086,0.581689306117638,1.6245351480055614,2.4852130019367817,1.5998848058198734,5.511277135971703,-1
245.26278643818833,81.6531604549236,0.3329211155133883,-0.45979267790670814,2.9668867611354384,1.3845923186716191,0.2259320439950554,-1
203.00591402555247,66.61454446870107,0.3281409055911359,0.9137248724615559,2.5888963251728088,1.4028121165367364,1.9904859420902348,-1
218.17646110125233,78.93284133285734,0.3617844057715549,-0.38105609746613434,2.920143427032181,1.5106861502288556,0.0870068295783275,-1
236.23796398167102,76.18846787976359,0.32250729982448895,-0.04268798562044474,2.864529046009654,1.3925810901742726,-0.30401952932384724,-1
237.943086676048,105.30838216780589,0.4425780283802905,0.36992232380691364,2.90319982023475,1.4521285754779854,0.480153886545136,-1
202.34905110700592,88.25007168793375,0.4361279245202167,1.070671400308957,2.7304714068712963,1.4569211342717083,2.600238908618654,-1
215.90919644273544,99.71858002089736,0.46185425013772047,0.17751857037533408,2.911705688822799,1.3131758346123954,-0.02503176049919098,-1
227.82295012871018,66.62765366095239,0.292453651501355,-0.28015587081226406,2.8255418640485463,1.461830836595599,0.4721420405259886,-1
219.28820662596377,107.94539891394862,0.49225355332523324,0.4104012941020211,2.9756163049486943,1.352246681630467,-0.01576247231241945,-1
236.77457136684203,112.55986705102873,0.47538832570257855,1.5343195730814394,2.5536144239267067,1.4909674519628189,4.18125576669245,-1
242.9014790176416,91.16998497712625,0.37533729866875243,-0.16409121013523276,2.7622584940372987,1.2904991547753104,0.7903123946204924,-1
230.19228966597143,64.97444998171544,0.2822616260344727,0.42756372130393516,3.0422921890824144,1.245194951818713,-0.465484769216685,-1
251.5647408645892,108.81333063448552,0.43254603272505876,1.8607479350505363,2.373043867649404,1.2216530466372113,6.59200611336758,-1
210.4378402832077,102.26628670473691,0.485969094565439,0.002358461773070618,3.2586885704510973,1.2823960714232194,-0.8927348350656676,-1
265.1594240007243,100.8663432353515,0.38039886236544235,0.35865023163208515,3.106495760962361,1.3127116760114506,-0.7866490189579265,-1
220.47522658409005,116.93579731626458,0.5303806651114376,0.23271741764830906,3.2497242517204348,1.1772448297307938,-0.7474456419599678,-1
219.3023382536671,87.88368825179576,0.40074213960336647,1.142999812061731,2.6394791842889465,1.4445948619470972,2.9914686273499864,-1
249.50539127588507,87.16277084114826,0.34934223423160404,0.0549527975544368,2.920842105108966,1.2801675687241827,-0.19569804850046824,-1
220.69510430623828,108.508179261827,0.49166554737553303,0.35422513567866554,3.0390795706241747,1.4601331866007645,-0.22455084706916084,-1
248.92949996070953,75.14559900789969,0.3018750249358172,-0.3799689064570795,3.0014764936911433,1.3351084666011,0.0611547380712798,-1
218.9967966164482,115.5281903100962,0.527533699556495,0.7416759347333952,2.997598892201235,1.300434682752682,0.42732921203209484,-1
232.81502172870776,96.74587028167902,0.4155482303646799,0.802163296060308,2.74319982023475,1.4043745527966234,1.0818520106506728,-1
248.59212522116707,113.15622151517451,0.4551882784480878,1.1206475262236004,2.608618701170739,1.4922051078085028,3.6283955872464437,-1
216.97696476111193,102.80523030886656,0.47380711782955126,0.01693937499777107,3.1798490002539666,1.5499760719642877,-0.8595807992126092,-1
230.77980998255936,112.73250665064722,0.48848513506951374,1.3524214282831057,2.5482001146105078,1.3893764421957144,3.332472664948982,-1
254.0486395863996,117.86422713670623,0.4639435476946205,1.8188310441931885,2.2640400014175497,1.4392956727864548,8.402995066993446,-1
224.4792511287221,98.38333074788893,0.4382736054811295,0.025191967471304047,2.849806423839628,1.4946611983348954,-0.030067952186702218,-1
240.4882634542391,123.6551923039548,0.5141838962444183,1.0095149888438522,2.7360576127551552,1.4867152579492113,2.154673293169692,-1
210.7485632526573,80.78500982966175,0.3833241308165508,0.2757037668578533,2.929806423839628,1.3908270945144445,0.3415245969796241,-1
251.2147622745025,127.85521750144284,0.508947867330087,0.8141518991415923,2.814541348848489,1.5035163460236962,1.3184809910033408,-1
217.26946613325504,94.6002921803119,0.4354053694884671,0.5768057909686971,3.0125796249300185,1.3733962549662508,0.24016141965883664,-1
226.61783440348074,107.7952242118388,0.4756696422220471,0.291830572487897,3.037167734924641,1.6254163127253902,-0.19697234559351529,-1
232.3431503637626,80.9091060006789,0.34823107922056434,-0.05656252303719921,2.9987593220041044,1.3627630626802214,-0.4273794667430173,-1
262.7586484003763,84.95719981309017,0.3233278916994479,0.025102402875590544,3.0737863204943663,1.3115108316405584,-0.589012589348203,-1
240.1246756615005,107.747197638296,0.44871355824415693,0.9288588289536782,2.6445131737098198,1.4140130721612783,3.0381370867019637,-1
220.94562562344186,81.36831342166828,0.368273022794959,-0.2909567226537676,2.911874484794833,1.5210988370035303,-0.005053685036052524,-1
222.88813823187104,97.34069807478686,0.4367244432430186,-0.0712803564366074,3.045295174055975,1.1631330714278443,-0.48587103665775055,-1
229.16755027927934,109.45563510375888,0.47762274794301685,0.7536520443669483,2.8651634345918318,1.529206271823304,1.109095547654749,-1
251.03289553178058,147.9590575452033,0.5894010712491335,2.9107822740530733,2.1020426920153517,1.4491569676501945,14.43861179367508,-1
212.58454847653462,106.81362281599186,0.5024524293108824,0.42494519549880344,2.9858003844690475,1.599635283171314,-0.1446476391821654,-1
207.71581323283962,83.66379462260785,0.402780093246077,0.4369080213568652,3.0538570720473737,1.4790372283368542,-0.22927795097826742,-1
225.29806714294193,115.57065216801675,0.5129677925496455,0.292912183680255,3.183981820580905,1.5439984157777125,-0.496247409836307,-1
223.80225231706999,101.96103153881012,0.45558536825785684,0.8709604454884137,2.8910228830458475,1.3533097486073031,0.8838021773402023,-1
227.51836789746852,85.08609088794273,0.37397460114643094,0.18929112420494895,2.9786885704510975,1.4620889304838267,-0.10063732425099126,-1
223.44251249268197,119.82484895007507,0.5362670138879658,2.2548663806671185,2.2711485138520286,1.3300138417566147,10.29148338811901,-1
225.21249483832256,112.2708343564939,0.4985106818211478,0.19997025933341828,3.0337863204943663,1.493268665867933,-0.26925688760142963,-1
240.4840101854994,95.81982293045125,0.39844571311223487,0.0023499066473553314,3.0428088200616727,1.5477937440789895,0.27174891308728677,-1
232.36548040591305,104.95060294244358,0.45166176472989095,0.04978990407523896,3.0120966889958756,1.401633681214745,-0.3694658584108952,-1
238.0092323960771,94.63835606023173,0.39762472702210844,-0.24189783491142736,3.0841074513870863,1.4404194545499573,-0.6492429986726815,-1
213.53829675866734,95.37982741563727,0.4466638015916734,-0.07568054369180571,3.1359092607027446,1.2326283368662705,-0.6956908158830806,-1
238.7364505273659,137.47524545523845,0.5758452266151957,1.2858953288785004,2.633496666323787,1.507343708177815,3.23513269190674,-1
201.53894461844382,86.40114506204417,0.4287069440877541,-0.19150608199928443,3.124751250210697,1.3085094305246778,-0.6161589196149371,-1
238.37059675647757,82.12820314992281,0.3445399905334215,0.46893965564445594,2.5449041738828972,1.5490135944850467,2.3209967114811674,-1
230.92645364445573,73.82782880332883,0.3197027782576929,0.27935700550600234,3.0342480722204512,1.397325806779918,0.020044811691038333,-1
245.06501085047782,87.60981380816446,0.35749621500075374,0.6791709621668264,2.5754992876342078,1.4171842247093898,2.7042173835451226,-1
230.88725240521615,148.80297730006254,0.6444832954177457,3.9391162740663637,1.8331568569324173,1.3852388216431744,22.04786730586483,-1
213.07724019100021,74.10739701243462,0.34779593046167445,0.7587005524111922,2.708203416193979,1.362767170808725,1.8701494260400295,-1
232.6272441573171,89.778329966468,0.3859321391683352,0.40534142344079743,2.9330201924480455,1.3204311563856577,0.4551926496490091,-1
236.74339923843127,106.10487663019512,0.44818515308776896,0.21422556717218982,2.952711364394161,1.4594454841538753,0.23375104952205827,-1
212.63479347897942,94.29953029683804,0.4434811855293112,0.5991643305194565,3.143465189601647,1.1805176892077542,-0.22397410181556676,-1
233.17477449581622,115.39723601011714,0.4948958833974885,0.2668023086050671,3.1521125612957097,1.5461909567806287,-0.530430097223693,-1
223.88153873121988,112.11272496137215,0.5007680650970004,1.6471739281940603,2.534256685712146,1.475265096572492,4.718130591662781,-1
228.43793958768111,92.44571046204094,0.40468632587433045,0.39640530312984223,3.0100445003405047,1.3555700606988368,-0.07972296743803797,-1
233.24698225501928,89.20897631510287,0.3824657256125472,0.015057425490297342,3.04604988153611,1.3976413537606374,-0.25825888160832156,-1
240.7645355885248,86.94593216078913,0.3611243323202003,-0.5778565688390047,3.002292189082415,1.4055039030667766,-0.044686237193201084,-1
232.7464920882995,77.76336391134343,0.3341118622825109,-0.0007494996276215866,2.8015350140877957,1.4877715396862234,0.3720809689537985,-1
224.32598460230216,74.86315922878325,0.3337248663435264,-0.2528392298103845,3.0127821159471684,1.3146016735496557,0.05686252649138712,-1
198.5068923557505,95.00375532943804,0.47859172143594286,0.31050030955232205,3.088047190938308,1.5846377950269155,-0.34643246541085304,-1
225.01467541125592,92.0962347760465,0.4092899034595126,0.4313176628155664,2.9745557501241584,1.3097288385571744,0.11239627206484792,-1
242.12526260326828,101.38068170457176,0.4187117057284847,-0.31243710950010717,3.201218383132387,1.3885735468044123,-0.7708936977624194,-1
196.19211132479515,96.36133172958394,0.491158034229308,0.4403142587621092,3.06287957161468,1.3924553385539666,0.12394506650915682,-1
243.05926157770847,128.6164466051805,0.5291567405015773,1.3281329963956316,2.6549004845357564,1.4070808250298055,2.6756024572880666,-1
222.67324661696503,109.39741419831422,0.49129123440004424,0.5100496204873736,2.757460690678691,1.3387688456813926,1.1543517925885602,-1
221.6073034427861,103.61318503991305,0.4675531150383028,0.5042618573007959,2.8789269678259615,1.3339084335342661,-0.021532112302123263,-1
227.39053556711315,97.81756216399002,0.4301742898842844,0.2046431754493369,2.9922540644017244,1.6059084971074473,0.29841600039652594,-1
226.16210875797634,112.37306118260126,0.4968695322117616,0.1840966679565433,3.097906570104942,1.4968821437714506,-0.36085027044065976,-1
250.92604220321095,117.1957671510239,0.4670530253536363,0.7675366367627727,2.6446240823663443,1.3050852078325026,2.543863294976412,-1
198.67887505562888,109.1514445361177,0.5493862621557322,0.47767680146519975,2.9904355005135823,1.2681881106873596,0.1535519260745981,-1
218.61946184637895,105.17940686181788,0.48110724440318164,0.5732572763409861,3.0243602500376197,1.4353961356538492,0.47116446626502073,-1
199.58141260084855,93.54747484544431,0.4687183722490928,0.43234079470218517,3.0498064238396276,1.4393314997976274,-0.3491006048512624,-1
221.68098868850288,88.152105358553,0.3976529781830807,0.2419104003988313,2.7797218324096136,1.263745837647907,0.6042690002651594,-1
252.52068041185512,95.44113654352235,0.3779537437799556,0.022153612521103302,3.1285638219175658,1.3552491262657558,-0.7066738116059299,-1
197.09348476809555,91.2456130178681,0.4629560085419853,0.15511942100605375,2.8887670532231495,1.3754127699012135,0.20200217393701259,-1
189.11337298379806,86.15593640667316,0.45557823356074567,-0.27616915043666196,3.140072675479174,1.3903820922415342,-0.788321739420323,-1
213.32510578997702,92.25695609748183,0.43247116065331154,0.03641647269553744,3.1490097013438167,1.2378480818025674,-0.32465287648958885,-1
246.83280007187994,127.30912041658489,0.5157706770717316,0.22599292696091897,2.831499356921589,1.5801143854068467,0.12629384471075022,-1
211.10901535560572,77.43832089006601,0.3668167404391702,0.1556816228937745,2.9554085020233205,1.332859056607158,0.43272943996063296,-1
241.543151329473,125.09711548878711,0.5179079381892738,2.4633218412728266,2.0954756359116664,1.3575873953331121,12.468286890233978,-1
237.55687782553127,105.1804674856251,0.4427590918368304,0.822869126989059,2.8223080613822487,1.3952796974053034,0.7680359030006683,-1
195.12428289280987,90.46710271667152,0.4636383610253624,0.23552152433549617,3.025163434591832,1.3614328990914315,0.027019412984950808,-1
224.0887031618075,70.94495907280721,0.3165931975677509,0.7668995299624605,2.8404363827862316,1.5425560575693427,0.7303668291066261,-1
206.55469654130036,112.89230398696621,0.5465491992063881,0.6085568778219358,2.90733594214516,1.2876736126564685,0.3536414216279309,-1
209.62955150768323,87.48601739810832,0.4173362809245996,0.5607439582882598,2.8612025108325527,1.493991509654161,0.6599530315807334,-1
213.74840351668973,97.44257280139989,0.4558750905187063,2.068336100280018,2.431007010746014,1.2576984551653043,6.237124622881218,-1
250.73996727412575,103.39154640203937,0.4123456963245305,0.3796944101451385,2.8218319083804944,1.4669393248354055,0.6238052401207241,-1
217.9753408524142,98.19972745422358,0.45050842480715386,0.8744494957949338,2.751468762472099,1.5157185683839631,1.9034958233373143,-1
216.06078527675905,91.18907413673905,0.42205286822378296,0.3865746633703257,2.7619170612091715,1.3372373907429977,0.706329761461717,-1
235.08906458453254,106.63735719029648,0.4536040729021327,0.39698258005185505,2.914131054905965,1.5857735859228193,-0.017027621706475315,-1
249.18828667739533,127.625357791488,0.5121643536829427,1.9018977627994147,2.4339266734502036,1.3663011100965803,6.799522463518091,-1
214.93344795745304,95.83816570282605,0.4458969351377902,0.47642206773029483,3.0538570720473737,1.4748488633261319,0.11017580724854747,-1
228.83946394773767,106.12908260118856,0.4637708932294401,0.9589865362007133,2.70773919695341,1.3880309099622177,1.7599200794493717,-1
231.90831351357485,130.22122688336802,0.56152030477228,1.2067559246121318,2.7506318828727703,1.5509842584161138,2.058039523400214,-1
227.81709425406225,88.98223743054483,0.390586306624171,0.11855622778697872,3.045295174055975,1.4454496517062325,-0.2511900484370515,-1
215.25544863181932,107.80685869874013,0.5008321944181625,0.7716984794746792,2.964889451733241,1.4365272030727763,0.4304841149926908,-1
216.0393225103231,93.43459925076148,0.43248885510783275,0.21636776823056317,3.0990669999078113,1.5823173250335392,-0.5134140718129823,-1
228.23759934674123,100.58175553651827,0.4406888077354568,0.9577996162339549,2.9437164512140086,1.5456774475226704,0.5995892596753643,-1
225.02880917414123,119.854736162866,0.5326195192639311,0.4438589389970189,3.184822001763704,1.380303269991054,-0.5126135325969452,-1
229.87299036364493,91.71157242639106,0.3989662825602477,0.9471327255947084,2.716623811079363,1.4548091141690616,1.655464944635745,-1
236.02722207537525,95.97110139259034,0.40661030769553347,0.2464549468695053,3.0045692031131708,1.1941204145096531,-0.015852067375500045,-1
224.73149800288152,92.64837371858667,0.41226252012701275,0.4548917504417595,3.118759322004104,1.484322820698353,-0.44052618855064907,-1
255.16483735136265,86.3932404476084,0.33857815733695584,0.07813458288730597,2.9901152518935126,1.364815256872401,-0.21263705034507296,-1
239.36790248382607,97.80248102617023,0.408586447937725,0.24204044758495902,3.0999872017765098,1.3902953019161153,-0.7975138710590102,-1
214.43951694649542,106.67626608172209,0.49746552128420796,0.6987306843901284,2.7704441140052767,1.2053114447967974,1.2456182196006846,-1
242.4788883843149,102.88700423367877,0.4243132460695253,1.6586942671993279,2.4268644249178095,1.379916580237697,4.298087258964439,-1
238.92042598339924,156.00930880826724,0.6529760198029578,3.5703124005230116,1.9211607335421381,1.3979267383553577,19.089995298861854,-1
217.2403510006891,86.02713417771031,0.39599979369135446,0.20337867177052085,3.051483484621755,1.4780790397155725,-0.40674433783320296,-1
274.04194460242957,134.7117878944514,0.4915736096161722,0.6030839042947815,2.952457295707308,1.3565622816661784,0.031202835222149616,-1
231.14359009244825,90.05599774635385,0.3896106213039913,-0.24395492012494002,3.1321800112652465,1.6239870362961462,-0.22197473736427398,-1
219.4118254817497,129.87794976375176,0.5919368724934782,1.4923176586653253,2.2372259157612846,1.492896958975991,5.840926672834328,-1
214.30254733719107,102.49076112350195,0.4782526498028016,-0.03846581711486079,3.099205201430355,1.519975522746725,-0.6467652306543785,-1
239.4115857535184,83.96897864935595,0.3507306398104083,0.9425516843531582,2.751412733068748,1.4925122951542433,1.8548421071861751,-1
239.9998715404801,85.85521762708974,0.357730264920616,-0.17456754344530406,3.0396816753060967,1.5190587388848424,-0.6599196301215433,-1
226.88249825099345,117.51560606298814,0.5179580045569847,1.1936667104028527,2.580912856661973,1.293051519086528,3.8277127714299795,-1
218.84702806270425,102.60186194096137,0.4688291307824559,0.10340469313718481,3.205267881189955,1.3446528749976272,-0.5140926267386767,-1
214.75551400498654,109.44957027383843,0.5096473111805504,0.7676937881831899,2.8616082331552866,1.3651506805175095,0.8069100214292266,-1
237.0315788706088,117.50873956599862,0.4957514105331277,2.674853800860948,2.1378998518446553,1.341978197313415,12.205758683344895,-1
216.90665157437732,101.67949724841594,0.46877076618164487,0.5578943702943077,2.469040295793307,1.3658005722484976,2.7300618374198855,-1
263.2585691800561,101.8889237636853,0.3870298470474411,0.33617178790960256,2.72926249999435,1.3776515298550527,0.293157147064818,-1
226.28328605211095,111.35839332810312,0.4921193927794486,1.1526086771076847,2.638962553309688,1.425785813941986,3.0191859356934687,-1
233.65636642566068,99.79066730833674,0.4270830229660607,0.17552319878315184,3.0925035614687877,1.4298729602252664,-0.3292896724214516,-1
223.9168347543776,99.91779255187416,0.4462272462071803,0.10503890891833746,3.04572963291604,1.3751425933106516,-0.41039133136525363,-1
221.91826870925405,75.93162185706208,0.3421603020729393,0.07516508574995599,2.9132279953734193,1.5055124595186355,0.26360779589808914,-1
236.64753767084355,72.36344068335578,0.3057857326367246,0.19196392431817647,3.1590795706241743,1.3847171432961163,-0.6552726011306902,-1
199.98803925099617,106.50237582509678,0.532543727234759,0.4601351318066447,2.895017501850243,1.5265954797270784,-0.4159569298914505,-1
229.210766587966,98.13998868427623,0.4281648290138774,0.006725654698497872,3.0314687624720986,1.6709910214778882,-0.08820025478625082,-1
222.0005803539744,92.4410953087473,0.41640024166311757,0.31727252051803123,2.8806396140918156,1.4705696404591977,0.511537089185822,-1
233.84973830668372,102.98646857841763,0.4403959111699128,-0.028084882361946745,2.838521245503227,1.5207198285526609,0.6921706957679064,-1
230.8201833587581,145.28523911743784,0.6294303947052351,1.1121473377732038,2.6945769343322157,1.3740730684303795,1.8617614119957988,-1
225.03527513287753,116.98024847630451,0.5198307172385782,0.35264172878268557,2.8838144956330356,1.3078485397428037,0.6721607173735751,-1
235.20709140364323,83.79190654153187,0.3562473649985962,0.2683639444912025,3.136832764154914,1.4515108994250328,-0.9245906052272526,-1
238.51362172779125,87.7413854393062,0.3678673981121419,0.11593405789390894,3.0481020701914807,1.5226598524018553,-0.05735887072623491,-1
250.1483302473864,121.22811549697416,0.48462492384852035,1.5807626434758386,2.4874888658173604,1.264137931395375,5.65844166057143,-1
240.05906290003063,96.20170937918384,0.40074183501768373,0.17039702325897702,3.0513980109190912,1.37006398765746,0.0504905194879921,-1
245.19576129327174,98.17403946152426,0.40039044290044257,0.7520610805010992,2.8334660718742963,1.343802451968657,1.1507280202450048,-1
215.82248336575583,87.46409713934204,0.4052594325453852,-0.5891128266993979,3.1602400004270437,1.5263901970011946,-0.3426522366180689,-1
266.74511143439565,113.0670584222111,0.42387677815051267,2.4282183845279137,2.215213884209431,1.4315911903260388,11.10610897668344,-1
203.23681755853667,88.17620683634206,0.43385941531457695,0.5416387883396296,2.8887670532231495,1.4535480630707913,0.4012006812298896,-1
236.33084233459388,95.05523455631875,0.40221256615224554,0.019780204709462748,3.0283211737968982,1.4121678308777301,-0.026399491542675957,-1
217.32344390216116,111.29642922185599,0.5121234378742937,0.9182565658467811,2.9503083326692296,1.4167875717863097,0.8425016388804818,-1
242.89156800206993,90.88550378737558,0.3741813869248893,-0.3931431007214982,3.1150016295504086,1.331817077058302,-0.19173001257389455,-1
260.9644146079244,122.99958836931168,0.4713270525949199,1.0957015703450623,2.5377346735372823,1.2449045758464137,4.429154821127842,-1
255.45647991187937,168.43738133768178,0.6593584214257743,2.7712683087822896,2.093154776305928,1.5877670714057417,9.400370102138611,-1
258.53900567232597,120.39401569590134,0.4656706069663218,1.8719105194863381,2.496253995114343,1.4145413777743256,5.5385305150499775,-1
217.70423588500068,100.2185711144519,0.4603427705806836,0.094784149886787,3.095616304948694,1.4558157154382463,-0.5174767803697056,-1
227.10162849956305,65.3249708088404,0.28764642173830157,-0.4567041545940702,3.097014811252441,1.4305149861930948,-0.05377276264947328,-1
248.6140456285103,86.84155051812687,0.349302672335292,-0.2853697382629095,3.159974631060147,1.5269203950081158,-0.1599511632405748,-1
217.83403637125772,102.61780209190702,0.4710824984072462,0.014652441384813525,3.16159351100563,1.6603165014139696,-0.5948682040940843,-1
219.05857492319592,99.2400813642248,0.45302988663657356,2.015595984046231,2.3474741436677036,1.3154157852060513,8.092748096919065,-1
222.3407903272667,103.1767702998624,0.46404787060437713,1.5940897999557704,2.5418674938642214,1.458097501525956,5.167287322348608,-1
207.06535076661413,93.44110687400861,0.45126384751511234,0.5061066110577794,3.0769989389526065,1.455987784007505,-0.16751537055862542,-1
222.08022450213343,103.58214945543448,0.46641770868004234,0.3191748317751191,3.1121674405488835,1.5101643959876667,-0.4484151367934399,-1
215.44844366520624,100.57717392832667,0.46682710822742113,0.9217140856633597,2.6827539408084995,1.422425879980619,2.30751755550828,-1
207.1834779178556,138.82042160408395,0.6700361582844152,1.8532683332546054,2.4224147192929695,1.419541311697116,6.158376671678283,-1
217.61808885371414,81.61996880059613,0.3750605900020664,0.2652654468631238,2.8611476315793793,1.4039081526516515,0.8318215594497151,-1
242.01087263922116,107.95726149534644,0.4460843445504378,-0.13263352298223147,3.1163002608758217,1.4224813038348239,-0.41175081820863646,-1
203.3193613191126,73.41107241044298,0.3610628714066403,-0.0038099674576398223,2.823661571960835,1.4842860494150079,0.04227967109075159,-1
233.704592349785,111.07028564772358,0.47525932002861543,0.2779188110522703,2.9690804528968235,1.4083704969826045,0.05776804980776351,-1
231.33571107818835,104.1246301001442,0.450101843830551,0.0820507182367707,3.083590820407827,1.5134278209524112,-0.1938037554343417,-1
223.69267798443568,112.61775590830062,0.5034485568460871,0.7988136181380979,2.752711364394161,1.1796785699760817,2.1547010040035417,-1
228.16357232139902,107.7532454563164,0.47226314156990623,1.7453029112062715,2.362378812935256,1.440586291102547,8.000914210983067,-1
263.44854910153566,130.38085348724644,0.49490063214201413,0.47538030371044265,2.8965193644812395,1.268007386968991,0.6338528342446907,-1
230.75966546745977,107.71545727593421,0.46678632965483974,0.23876921920226163,2.950490379766756,1.3975129918571798,0.3618088957382346,-1
211.35849142279147,100.38216331227909,0.47493792483349717,-0.07780649799211378,3.2628246923615065,1.413366928976206,-0.8497556352551943,-1
223.6929241786563,91.87665861906014,0.4107267091992647,-0.5513276240260161,3.1982426910248463,1.50081553895772,-0.36777068492028153,-1
241.74250040441243,89.86160208458058,0.3717244668779821,0.12701504082641715,3.0055881298100253,1.4179222684864505,-0.07766393126731286,-1
226.3968079175536,87.03684775234984,0.3844437938543986,0.1486780275871642,3.060365631233224,1.4072896168268147,-0.37286258503971004,-1
210.18742047154228,101.68598395576294,0.4837872015729429,0.29525985111669656,2.9228088200616726,1.4674377230239255,0.2066932625209068,-1
247.23489683853572,95.42498148803645,0.3859689012686451,0.16946409217592434,3.0472924834581723,1.415395165732166,-0.4891958259805378,-1
221.76401199676667,95.94650529060497,0.4326513775914366,-0.057152412137856046,3.1698064238396277,1.6967022427536766,-0.588667513673307,-1
228.06518527834902,87.93251653715632,0.3855587008154552,0.23228212234055431,3.059150322177182,1.5009621988914534,-0.28247071119243783,-1
213.85729829853452,98.90837683589133,0.46249708390975736,-0.4094086105260211,3.1298624532429784,1.6169445128137077,-0.7302921857416016,-1
216.64670960397888,115.59676754865956,0.5335726896566563,0.8223300687538428,2.708578544067222,1.3651489484380994,1.7622966287248332,-1
226.46662782908098,88.41712956552985,0.3904201268553355,0.05757023532961949,3.2161746300696414,1.2138005114282673,-0.47183116970898276,-1
222.3391500743312,85.09459313936746,0.38272428904634703,0.2528849770572917,2.9420699848813716,1.491807256886388,-0.15683403689227537,-1
246.27965757957773,103.48011702276115,0.4201732211249511,0.7313408519766469,3.0097242517204346,1.4952479651117805,0.48271171728610174,-1
231.64383729074146,109.62171442381046,0.47323389089873236,1.8812474191880224,2.366480089650372,1.637822852365965,7.641263849728551,-1
230.13235754593762,93.84939471215023,0.40780616734183756,0.7130586152326301,2.6170908747136714,1.4351107796502895,2.654676842251936,-1
208.4671751108611,76.90845294783182,0.3689235626996555,-0.42787238489056795,3.147879865990438,1.3789992878136137,-0.505626226885207,-1
269.9901009652003,164.76382720223052,0.6102587710186728,3.6654910258317215,1.8627864838440438,1.3787173818558716,20.618477735038283,-1
223.71671870442722,93.2453001784689,0.4168007680358653,0.5012525406386673,2.9183830439806835,1.3336285259340586,0.6815051333352131,-1
273.09382535628805,130.5521391560163,0.47804866692131637,1.9761503456730367,2.253798575129539,1.239503214905295,9.57408353507716,-1
227.55632926618216,108.2808392568342,0.4758419139824213,0.0002505990854114046,3.179849000253966,1.3941804123467605,-0.7555328114650397,-1
245.18506628034808,83.20921574012803,0.33937309886967354,0.19021439082849959,3.0241221735367425,1.473937507654698,-0.2128534203590191,-1
230.41217010811732,74.48011415994023,0.3232473099185325,0.332431885253773,2.7479764393853,1.3565748592033606,0.8198917443384257,-1
216.96208608644992,72.54966878814179,0.3343886948028049,-0.010548042549041977,2.85206299395076,1.4040548837093954,0.589198885265783,-1
207.42094401172955,88.15704319543198,0.425015147893873,0.40911668800816414,2.9325857335879806,1.4172750603721966,0.5823134264215373,-1
224.4834048128388,101.82080045263115,0.45357829696820307,0.43352155394453346,2.9753926297234865,1.31443649428201,0.591182012642145,-1
232.73183468796003,107.59554165780362,0.4623155306710169,0.26105656567516256,3.1392052014303555,1.4902316458725429,-0.45079938081866633,-1
204.54931824306203,98.4004614307402,0.48105983572046335,0.6314613177413011,2.8672810628919865,1.4584535676179478,0.37223471711614975,-1
198.731462969436,87.63955685451786,0.4409948759245859,0.1633418669895125,3.223661571960835,1.4997199886023707,-0.7659760172514312,-1
220.95650398448169,82.18227156091831,0.3719386851209873,0.07970647930506525,2.964376122337453,1.5499343744850778,-0.12840969976298933,-1
225.31813707026475,91.68457076995716,0.4069116315361937,0.03327975748105607,3.162753940808499,1.3202758776538366,-0.5478246235501767,-1
236.20621004684455,78.69696399253705,0.33317059689891226,0.20363310584348418,2.8372226141778136,1.5366173393949834,0.8022824309146115,-1
271.30780199764484,105.37810962875558,0.3884079589781585,0.20303221827248197,2.766886761135438,1.3775183326635867,0.42449868986641626,-1
228.0169963020518,119.39593955051268,0.523627367638639,1.598565493570136,2.3874774452511747,1.4836770764182639,5.925648730699459,-1
207.1613551304903,108.97756747318493,0.5260516248531986,0.5022772170603379,3.038242691024846,1.3180056664045974,-0.16610876649261686,-1
207.31989787841172,99.25688806381375,0.4787619957348503,0.1678697977171845,3.1278091144374303,1.4334594797367675,-0.6075297904455828,-1
249.30380980384152,88.52822667644526,0.3551017802178855,0.12986661313844275,2.9763710124288294,1.3218844324202716,-0.6026126960604832,-1
199.79174491926267,96.33799164509415,0.48219205295006085,-0.3244167410475783,3.112167440548883,1.4622101578266584,-0.8262055993387722,-1
226.03653168398276,83.65852255415236,0.3701106273879379,-0.0014151723715631025,3.0404363827862317,1.4159409223932413,-0.40588639511524116,-1
203.38076776429244,109.84041970780837,0.5400727950594995,0.41422848304764887,3.0097515445864547,1.3089748866077144,0.04889314839542713,-1
235.79014992043213,93.34872696114039,0.39589748338783914,0.05177849477856092,3.1026831892554916,1.4955676296638698,-0.8270068998866464,-1
253.03226340032165,117.69019983311827,0.46511934190353,0.5732256034858301,2.834131054905965,1.347270600911547,1.301044765605127,-1
234.2975985202121,79.5027181125521,0.3393236576673391,0.07540713142652375,2.9350723811034163,1.4952716027873112,-0.24521224185532287,-1
219.10251769368145,106.35420248107863,0.4854083996869823,0.36898108391891643,2.971621686144299,1.361936517190097,0.010745278202483721,-1
231.64857242601568,102.49931751036188,0.4424776567233035,0.6638570432611208,2.7923056420714274,1.3291069100120536,1.156552102797666,-1
247.90565487098166,94.35977529421243,0.3806277647975412,-0.19003491460117766,3.0696535001674277,1.4224466444233257,-0.31142912112051846,-1
245.6977929186032,116.03219282277068,0.47225573923332226,0.15949505046008508,3.0739278236003806,1.402708232253483,-0.14043107650052544,-1
219.9488403423202,83.69134787654257,0.3805037014347903,-0.10495904574179452,3.230115251893513,1.330538495414619,-0.8885028077767925,-1
246.07926748355322,122.477442026995,0.4977154039812835,1.4837650713240427,2.4366689248312707,1.3506460759162877,5.2477275245962876,-1
234.7464624228379,86.46384365255697,0.3683286331992244,-0.8179521027339374,3.0770822612219773,1.5123408281258008,-0.07140029999962572,-1
229.28481880178578,97.5415306267046,0.42541643679875807,0.4089798887698994,3.1076013115120564,1.3650697998908992,-0.13408717919787927,-1
203.93632360280952,127.02441125468977,0.6228631026127796,1.199183319779427,2.5337400547328874,1.4067364129797137,3.3506584128494374,-1
254.50303000732566,98.47403814971128,0.38692678097732974,-0.1579100352400409,2.9668867611354384,1.5079710753165145,-0.019010640184249805,-1
195.10937610102127,112.65652945552941,0.5774019255599461,0.5718752387668407,3.0747647031997096,1.4607628651636713,-0.44222220215355534,-1
243.34303843983565,94.96216024145149,0.3902398887196028,0.3016856363965842,2.800240000427044,1.2972838870514898,0.25000724718659306,-1
233.08305448133285,111.60679509092114,0.4788284388123955,0.08561331935302523,3.2248220017637044,1.2428010937992133,-0.8128760648423929,-1
224.15788021112053,91.18697097433746,0.40679797153887276,0.38902972730300156,2.970561131319763,1.3242218026389523,0.33747939037293584,-1
214.85045685656536,90.16087235836025,0.419644778407671,0.2933411273554945,3.0966912610488997,1.4361009210662776,-0.06349836627294225,-1
242.6223520466304,107.7744515051958,0.4442066058467782,-0.38494694557179676,2.9939278236003815,1.5786301800561033,-0.5506791611581967,-1
221.7155661952906,105.94244205641829,0.4778304197329226,-0.1979824408888801,3.2354633812764937,1.2775115824450562,-1.0425777999522277,-1
235.6261709150915,129.79366099263186,0.55084569124286,1.422563305199352,2.53174274533069,1.430630298487397,4.073785106969369,-1
235.5304917044679,86.98196745006398,0.36930236429517027,0.4705146480049737,2.6683760530500718,1.4508034323095258,1.9058099098459866,-1
215.68161882972007,104.21842788020679,0.4832049594475962,0.27354496756452035,2.7632705717877575,1.454189373193221,0.14523660488868773,-1
228.25060376640158,90.7174936824925,0.39744689470935846,0.05062633988657894,2.9737400547328874,1.495100518849597,0.05188120913233174,-1
228.06040980408244,98.44569199215312,0.43166497892696004,0.72232979569818,2.5513517451576124,1.377357018097125,2.8532949597377275,-1
222.69616466075016,111.32268428766197,0.4998859520425428,0.7952500267977998,2.7694312959663847,1.5196876414656821,1.3612550990144063,-1
230.65857294694783,112.95676329473301,0.4897141339754729,0.4630467017067063,2.9943335459231153,1.627577089065088,0.3961825477443335,-1
247.5938604711066,104.29346177556846,0.42122798027836866,0.7918367154968061,2.769396450771091,1.3754253959505922,1.8978395072490883,-1
227.29511890801524,98.01406949490415,0.4312194206623934,-0.13978560936570444,3.072629192274968,1.4099588991076657,-0.340288459697228,-1
246.18710557970883,104.0086408244886,0.42247801963297127,0.24469918568706286,2.8626831892554923,1.5713469109284792,0.26385628321491206,-1
241.35846595913475,105.48957987094941,0.43706600243643506,0.08649052218754956,3.0709521314928403,1.5912051561598815,0.1699598557871722,-1
211.0177147170849,72.32252975466955,0.3427320301124179,0.6576386047364223,2.8263787436478744,1.2686835593667427,0.7715629814422478,-1
233.76638537515623,85.33589367582488,0.3650477528617938,-0.4418137303320523,3.122055262731715,1.2890003975699194,-0.7863554086778701,-1
252.71897496241706,130.0452637352267,0.5145844856112063,0.3741045059983712,3.0097242517204346,1.5136715777834107,-0.26792980023628266,-1
223.91660725470484,114.22785877826809,0.510135716054031,0.6946422345773939,2.9106318828727704,1.3584406069077277,0.6323176985393402,-1
231.3941649281084,90.51417784565645,0.39116880010253585,0.11495887205214753,3.0404669772357225,1.3423770679599405,-0.44214650498546515,-1
218.17245902599444,94.88080767435544,0.4348890235639263,0.6552436170448342,2.997977321657949,1.512509235580013,0.1148241399609291,-1
213.7784678562279,108.493128656879,0.5075026018515751,0.8827233328448664,2.8121833128487173,1.4411876267599393,1.3342513800908868,-1
212.39187937336635,91.17593202552291,0.4292816292907489,0.3702250162048996,2.8352813341789678,1.5296965923842771,0.46238870810877053,-1
261.00821493605866,83.07888779209611,0.3182998964704947,0.4831149889142362,2.6730909440010526,1.3792625973907775,1.9687360093351582,-1
186.3743014414636,52.37101664848539,0.28099913047794345,0.025530924836466663,3.145338632742962,1.4478385780313177,-0.5677253883715467,1
180.11160705170508,61.92464017757065,0.3438126014821121,0.08487938387634313,2.8809803066315096,1.3940415001264919,0.24548824279527315,1
209.3567839983324,59.73532531742691,0.2853278703302145,0.28843942740638434,2.912949440895038,1.3111829277125502,-0.6290818913527474,1
191.52538255885628,58.64695421757505,0.30620982678132846,0.03814002753178754,2.9856588813630323,1.2006326933936748,-0.11159161438984588,1
200.6974469224751,59.877867124135456,0.2983489229300706,-0.3666196522986898,2.796705983198556,1.3942161711806618,0.23448069517920844,1
187.1765280053855,45.46419224243723,0.24289473005466325,-0.0011694139498312094,3.155728750643391,1.4157045958893557,-0.5008943610151393,1
197.97462500947847,82.41468487262122,0.41628913235054965,0.019866584035709078,3.118759322004104,1.4038971124602377,-0.20349638395343517,1
223.84175897294838,77.97899795511235,0.34836662431935334,-0.04073727285273207,3.031272380112911,1.5289733531386491,0.041380847909588514,1
198.33324111315727,76.15718396638347,0.3839859800553184,0.3661995014781462,3.157082261221977,1.3256065411630134,-0.671016622463581,1
210.74597684540836,82.52873722101131,0.39160290723627833,0.11252873421855908,3.100365631233224,1.541889743293402,-0.34202750977670515,1
216.2912857125623,65.76031832754902,0.30403591208450437,0.22005370677123,2.968563821917566,1.5182533589863483,-0.19412648645765174,1
224.8493439485153,85.93833457073664,0.38220407078623414,-0.24434100809314674,3.157082261221977,1.6060752481688687,-0.5577282190111514,1
196.99890422273987,62.47272641629552,0.3171222025969229,0.06774086937844437,2.898368321831027,1.3623761511762515,0.033040926257279946,1
202.51295703306457,56.87739231063641,0.28085804061095193,0.12549940825181635,2.984583925262827,1.3505292592706544,-0.11081050148589267,1
210.16521803601933,59.88302248240817,0.2849330780897583,0.2659028834558478,3.2178516908517687,1.387719144289955,-0.5545808958482978,1
228.65570202780546,56.87750003699323,0.24874735041628962,-0.37325769103442036,2.9675854392122227,1.1156066077693991,0.5669657356269089,1
193.40276635404425,76.51533199176212,0.39562687460060786,0.005952370466563805,2.8558543814495714,1.5028703294606025,0.08508158523345122,1
220.62330847679496,69.00724605984111,0.31278311678069703,0.3932602552393293,2.929806423839628,1.421165247395049,-0.21916270194904408,1
230.67510030012934,58.578469664652616,0.25394361848520575,-0.4563986681846933,3.1305611313197628,1.31078187489034,-0.5083660722161674,1
230.35476189455835,65.95728646036241,0.28632916427641913,-0.18192664112816093,3.0229068644807,1.5191108716301949,0.03421515335840697,1
215.37955157533253,81.74837412095654,0.37955494624736325,-0.11055519622952407,3.0211476315793795,1.349783937335462,-0.4842273605690828,1
219.10334498298099,51.301063757347926,0.2341409427653091,-0.4352774579635966,3.0052678811899547,1.3090464993604198,-0.27988585060344695,1
196.86325937213627,58.67104361333056,0.29802942306478325,0.2715111895275405,2.977207892028158,1.5957293376306279,-0.12120312897780927,1
223.09928019434005,67.57620514510779,0.3028974593115795,-0.01982439068579242,2.798439073384034,1.4500028047963995,0.3891993974277086,1
218.76775593807963,57.693361354646775,0.26371967435171934,-0.26375993048643975,2.8966912610488995,1.406852002798821,0.3243616506807716,1
199.29767192419527,67.19693185299293,0.3371686743965174,0.07754794020958736,3.1730201924480457,1.3768734040553972,-0.9221472677374463,1
211.73365682091108,60.53049448658712,0.2858803621277137,-0.07373867785632927,3.095616304948694,1.577053508497882,-0.2346303828363303,1
210.4982111601447,56.798784181259805,0.26983024638650216,-0.3449999365743211,3.093480794023953,1.4397732931670784,-0.08889590934054059,1
221.053957494064,69.4883983574938,0.3143503927513253,-0.4630742982007906,2.9484930703645587,1.515944151114281,0.09231748665187745,1
209.4067154748299,59.42002564978108,0.2837541552334944,-0.6783981014570557,2.9116719937776825,1.4150333624180618,0.8844532818459307,1
193.711005562258,64.19831300963784,0.3314128323442353,-0.3361161826692956,2.9990795706241746,1.388117171032175,-0.245139850177293,1
209.87500432501218,79.61190147565351,0.3793300766410783,0.022840658242192575,3.0419170612091713,1.3887914437993703,0.3039615962547515,1
227.29635535376966,66.6027588173955,0.2930216752210273,0.3862464939887412,2.7520981600200405,1.2811895566122706,1.1136612495856184,1
206.89359420075263,64.59601813703388,0.3122185507317118,-0.09521715672441253,2.9464957609623608,1.5541447471626848,0.21958746887544,1
200.84296014262435,64.4225392857574,0.3207607537750345,0.3830087304615541,3.0362453816226482,1.4319433852330525,-0.08872595070612777,1
199.01201362064265,66.68801985973619,0.33509544799067814,0.10347797692681367,3.215017501850243,1.354871480475031,-0.7461199842209942,1
224.50153697485038,92.86198487730974,0.41363629901434723,-0.008719022152116864,3.1051422503837744,1.5885076362859565,-0.9220104478610502,1
200.88878214084434,55.88393140543897,0.2781834346840652,0.019393940985322725,3.037460690678691,1.3674667025174436,-0.1286014086927998,1
207.70658629444847,63.95542631296785,0.30791236548610706,-0.29790013996454984,3.10319982023475,1.5024014036237194,-0.1680000860646107,1
189.64718060792634,60.661568511552325,0.3198653853808832,0.20391817045195545,3.142824692361507,1.3135759771901354,-0.7005610266398654,1
204.80454275521362,60.30662353721305,0.29445940371201973,-0.17575695638653618,3.1501701311466856,1.3320286398430488,-0.5958898514502051,1
220.22005994686253,72.33042718824046,0.32844613340716217,0.08155781022492613,3.092878689342031,1.1963912014108427,-0.07024545928532566,1
225.9652452521525,62.33964384906024,0.2758815577125412,-0.09407901137173486,3.066495760962361,1.420641420597126,-0.3167339918641554,1
207.4034620886757,61.862105453460835,0.29826939642411365,-0.10022590013310623,3.055017501850243,1.3628592619262505,-0.39938833174074917,1
216.32023384275328,64.67401421836085,0.29897348514043054,-0.17500087833599068,3.085811805035233,1.6175060037585542,-0.5355612239349137,1
202.95313794059325,72.1420485218007,0.3554616068213615,0.6206801452497082,3.0500445003405052,1.4450112141757858,-0.10967559412969408,1
187.37903058768094,58.560399115484856,0.31252375963212425,-0.013741965190225622,3.0190333048626954,1.3873111094895516,-0.48746395396489284,1
220.4189048467815,57.146771272805424,0.2592643825743056,-0.3865027726846659,3.0152105826259605,1.502790222405262,0.05588215309451927,1
201.63850555564278,72.79546809609774,0.3610196767502306,0.5416672886890493,3.146957512688446,1.3658618276107886,-0.4512760348579645,1
213.8030393485433,71.60281584173566,0.3349008323731461,-0.08627283093170214,3.0072651905921526,1.483629849102926,-0.6896658611434363,1
192.31365550570902,63.46082678034387,0.32998606684203957,-0.34626001818336327,2.9842909695087765,1.2184613001433533,0.07022656189386067,1
201.09010670375682,54.73905633591268,0.27221158332047385,0.26827319395193977,3.001218383132387,1.4298165914751744,-0.26415366466900636,1
200.3890486930343,63.14616832932697,0.3151178606873739,0.09070128537394453,2.9310777622990214,1.362784021161127,-0.1637323239625985,1
201.2298442866756,58.90351485201171,0.29271758898792727,-0.3635344953252284,2.774317673623281,1.551444433283672,0.4338900346297332,1
193.13627125647014,55.027526818042965,0.2849155493168377,-0.023231801986943953,2.629623106705782,1.4131417312552144,1.198387082650167,1
221.89446858326426,69.51704981927678,0.31328879112275404,0.2088140849904857,2.630111634228851,1.4839894043705613,0.882066159939435,1
226.3696819969446,69.52237839642379,0.3071187704251056,0.7854759073614843,2.5845290460096537,1.245057663007584,3.143889293002003,1
200.01454622503297,57.37941466123039,0.2868762084767264,-0.0064701271982392766,3.078521245503227,1.5222554387199276,-0.30691017907884666,1
191.1144880195342,74.01925686330948,0.3873032213849942,-0.14129783097790305,3.0400019239261664,1.460659616674159,-0.08597295142578254,1
181.72165870580412,52.21366144982093,0.2873276736613523,0.28815704332671205,2.8898624532429786,1.4752833369921108,0.42589331079043014,1
198.08397860230144,65.82666282555282,0.3323169460247706,-0.6443186878726114,2.976057612755155,1.4322620241055888,0.21728666294382126,1
193.17802573208934,75.26868479700208,0.38963378216417394,-0.5343147092456023,3.093395320321289,1.42925115276316,-0.39408418996316996,1
212.92787437165168,63.895704163765295,0.3000814447254544,-0.4730869450371469,3.0110228830458485,1.3432267163927092,-0.0009737639678730758,1
188.88160383773823,53.71498532315816,0.28438441982578083,0.552426918760789,3.063981820580905,1.492788433722121,-0.5554142112428959,1
220.15595953845465,85.2121537340129,0.3870535865240972,0.1648011726425412,3.0032156925345843,1.4658246750143362,0.052468051129166415,1
193.57454412359039,66.18644911775745,0.34191711217720744,0.19455298801687185,2.9370969833716334,1.5734710326798227,-0.09345136134915544,1
202.44894886382428,61.13590971748101,0.30198185794782073,-0.09618964457724623,2.882378812935256,1.4219456685470198,0.12270238984795245,1
201.8418725977226,58.63529583214975,0.2905011486343658,0.11437086889333828,3.0342480722204517,1.4584883916762532,-0.0919944182658976,1
213.10568223632475,67.32148032346767,0.315906547479157,0.12445717952070473,3.2271944390391454,1.4453017199073945,-0.9532742106636825,1
196.08746458782508,56.53616537420449,0.28832116062616875,-0.05236547749914399,3.203215692534584,1.544326576727862,-0.9388160258225291,1
204.98607742096135,65.92995999713038,0.321631404564789,0.18275390468384978,3.108200114610508,1.5221210805176493,-0.524425718539193,1
216.70381970922423,74.71400290474666,0.3447747391116539,0.1354548648338779,3.166566512515368,1.4739778156133283,-0.405688451774354,1
216.5168611313425,53.18392735905268,0.245634114041541,0.16310605895175503,3.0787593220041045,1.2236272988101313,-0.26036793253257695,1
221.441471995398,72.68491229725221,0.3282353194380985,0.7996787347853522,2.90319982023475,1.4553965346758917,0.7474434190511592,1
208.868908561525,77.86972461184219,0.37281625660865014,0.3126356862045762,3.0251971296369478,1.4096436326138044,-0.20304421455596255,1
230.70378773218982,56.524628064688045,0.24500953634235123,0.9403183496795097,2.7465812346650247,1.386564244494177,1.745327899051392,1
205.5961317095206,68.25123193311983,0.3319674906605225,0.1458025349833514,3.1954633812764937,1.378457770210034,-0.6086150734030982,1
217.12935475516252,77.15008836449492,0.3553185540089235,-0.04247382578492982,2.956248683206119,1.2760189964289579,0.11340061575163629,1
205.11566587276207,70.07239894845142,0.34162382795236584,0.716203889082895,2.8878091144374305,1.5250213097712066,0.2952718180753138,1
197.87132560689622,77.7305900461882,0.3928340289214656,-0.2515015018266242,3.0718744847948325,1.4668398250691244,-0.5595083978842297,1
217.62711642106808,53.93594542973596,0.2478365119049775,0.2730741225213272,3.0032156925345843,1.5198926975848246,-0.20801462368089485,1
225.06378092558705,84.03845738408957,0.37339840750242814,0.20355091488060814,3.0777809392987616,1.479500219819334,-0.16232610986583396,1
201.80712381137783,68.57104061819162,0.339785034953883,0.2848501850320775,3.0999038795071394,1.298810224116608,-0.6112737779575435,1
212.3098877057941,64.96072434921687,0.3059712623428798,0.3077500246246878,2.905486984795373,1.4135455826288381,-0.1225648248318989,1
209.48604150482447,68.59139115149262,0.32742702405741414,-0.06599496876101808,3.105197129636948,1.2426865232128625,-0.6828134424222139,1
221.34579921316706,70.80082660254985,0.3198652373536356,0.6745279762816009,2.9061755123422905,1.5384109908769494,0.3703209415509412,1
215.54609178118352,65.58199459952273,0.30425972495061415,0.6398517740685686,2.9358543814495714,1.4999951650763894,0.3932170959923522,1
226.43354014233734,63.833977152731855,0.28191043214095174,0.05470352220103371,3.2382426910248463,1.680334070731403,-0.8987388110625822,1
200.9142991100875,53.53327060848232,0.2664482858890481,0.2837342822591093,3.0437323235138423,1.5353664336149582,-0.6120324243610433,1
210.08091624206696,80.76704137066474,0.38445682175909995,-0.5072607890577933,2.9037164512140086,1.3300799538106896,0.10320167210913356,1
206.77402186624644,54.92781755611174,0.2656417719225981,0.1647339252806017,3.0309521314928407,1.3690548918251617,-0.1326106504574538,1
202.53272273216538,69.44565837165695,0.34288611457366186,0.3426552129363395,3.1521125612957097,1.3272597331676044,-0.38221310903328964,1
218.32577218963834,58.016037902882545,0.2657315136047688,0.28682296303875693,2.9551704255224434,1.4728260475481458,-0.06470250646223885,1
181.412220237975,59.693581640627905,0.329049396795444,0.0663551939422225,3.0762453816226487,1.2789056894407578,-0.38105741621931966,1
226.1205721455338,56.52884539561109,0.24999426128830277,0.01826142792852886,3.170044500340505,1.3879718559606755,-0.6282098954573021,1
198.24113759983732,60.798342739240326,0.3066888309628537,0.24048755035270988,3.1056588813630324,1.4598057155015554,-0.31365739730220765,1
199.55457047439202,52.73521560120311,0.26426463435960434,0.3097921322713551,3.087292483458172,1.500502477613052,-0.7404387684449532,1
211.00231667839162,58.44553407480222,0.27699001127027684,0.058918848557018275,3.2463701301561803,1.5715264654581755,-0.8017204990638063,1
219.22783219946876,67.91663384102075,0.3097993222832467,-0.1772360191035965,3.0120966889958756,1.397071437717984,-0.3134694388815831,1
205.90141966765364,70.09662768334381,0.3404378065799016,0.7415853584957883,2.697069690505614,1.2476116679930054,1.728243156942697,1
211.17363512215263,54.88188886186929,0.2598898713379777,-0.03608758780078292,2.6522381921018905,1.6412449894203833,1.374309376021956,1
199.25099310817205,59.02912454970107,0.29625510833792706,0.12986064393109,3.1582975702780196,1.513808770328697,-0.46231849725819263,1
215.8345891364551,69.26312347980245,0.32090835744595536,0.4385535900450453,2.971022883045848,1.3681358469142066,-0.599004052579168,1
204.92676096083844,60.597946242575524,0.2957053825398422,-0.06164459220528667,3.060685879853294,1.4369398038881631,-0.4220559322490707,1
237.22926961131895,59.474468785266545,0.2507045984785548,0.03466226834974188,2.933740054732888,1.3564428261999733,-0.37916618972118643,1
204.20819901934607,60.807685698270376,0.2977729885003767,0.16420608418691637,2.9947086737963584,1.3042004090365926,0.03145992773435902,1
179.52688032779562,68.90645843267193,0.3838225134133484,0.20605054080988588,2.9575155699318647,1.4264990897003114,-0.34796007205178636,1
229.47798542959782,70.1099903129645,0.3055194605343689,0.1598359070970923,2.7735604986286617,1.3897619516838915,0.7200320581360558,1
208.09655921570314,56.35760045801444,0.27082427826015515,0.27487790309334625,2.9134660718742964,1.4001531851843931,0.11515590921168739,1
186.90339086957687,78.4269645439846,0.41961231510621305,0.3599213119179178,3.090561131319763,1.4540878470043714,-0.29391415809719135,1
197.44956116611255,68.1950090780315,0.34537939043915955,0.031853624322588786,3.0310070107460136,1.3644857915653432,-0.2053666789329549,1
201.4298703835543,65.80962704043338,0.32671235361032336,0.3037536155103481,3.1297242517204347,1.5358279591358481,-0.5407995435734891,1
224.51047008939574,71.00093508586409,0.31624776812231914,0.2937588415851018,2.9826831892554924,1.2586785265191776,0.0791631785842366,1
221.58168745320418,77.41113794933426,0.34935710996281094,-0.2603505016308419,3.0085638219175657,1.606779888431752,-0.1661678932384607,1
222.22465320595708,77.34935869535367,0.3480683064613292,0.43973665094803827,2.8857845121692134,1.653894778459597,0.5044708336266308,1
204.4579941693241,73.22150893397306,0.35812494997546473,0.22980324650668219,3.0787593220041045,1.3772266775272684,-0.15926632864106205,1
221.1039513073253,55.337315913044705,0.250277372185575,0.2574528415065404,2.975392629723486,1.278386002158525,0.07472582926398319,1
213.16277750257268,63.04248553525597,0.29574809576918326,-0.36738466972124234,2.8323362365209177,1.48474313913758,0.2500069035556267,1
208.9236115380875,48.941313840985835,0.2342545846335021,-0.6430080686037107,2.8474888658173603,1.3472037004093653,1.0611118686639216,1
203.81871100456854,57.47269324609752,0.28197947559784775,-0.046177879617160515,2.9225158643076226,1.3450679878295955,0.2393744345292408,1
207.99136041378898,56.72232452394841,0.27271481089936633,-0.04804283095133829,2.8503230548188863,1.5086901936848431,0.6642440703126646,1
201.49183417401804,62.68152725217935,0.31108718380142675,0.038360866752319686,3.168563821917566,1.5706473251208533,-1.0877908226465984,1
208.47111352607757,78.1693789369153,0.3749650376724117,0.2859640760804268,3.08159351100563,1.3517380756275692,-0.3314680207180314,1
210.05357408174504,67.06019511903114,0.3192528163930874,0.15881422909000198,3.01226548496791,1.4051319901286339,-0.11304948860736275,1
205.26992996701122,70.92496556358478,0.3455204840523065,0.33457153698753306,2.8730909440010524,1.3805077172362281,0.131593107419969,1
190.80375632487304,74.07411573993467,0.3882214751255315,-0.016965967251927883,2.938506523353571,1.5276772675615955,0.07630076026282273,1
200.03579613252631,72.27152319602787,0.36129295152827073,-0.15293688215852055,2.8992052014303553,1.511791060970785,-0.3245530473320195,1
193.83730563876347,60.5066201087517,0.3121515742769983,0.2174288695113843,2.85174274533069,1.3481564570139388,0.680872175884232,1
207.84021694729927,73.78323293526218,0.35499978790905,0.42262150086076483,2.88451317370982,1.4887087460241275,0.6346092723661867,1
203.5382786389295,64.73837524944439,0.3180648656476467,0.016379744367288156,3.151272380112911,1.525197576931163,-0.47083609889419087,1
220.4604157484373,69.4521355218394,0.31503222601689074,-0.12908088561643022,3.066495760962361,1.304462101682118,-0.49578701088115107,1
223.5911795576447,74.6200777415745,0.33373444287562554,-0.5173486582782764,3.058688570451097,1.3185252293185081,-0.05567968946864177,1
216.5597923853306,78.6453727509769,0.36315777681870465,-0.40130573851784995,3.058774044153761,1.468765238489288,-0.2660298161913608,1
191.61997182476415,61.76390050023022,0.32232496389631615,-0.534906133146311,3.0248220017637046,1.4138247788088554,0.12054431201192584,1
237.70020384887482,70.55326237922534,0.2968161626991357,0.19297342657128513,3.047585439212223,1.3939791905789738,-0.2861705821971974,1
187.6650260020424,77.85927889517696,0.41488433169390654,0.3347798353649745,2.9829068644806997,1.5177527104791475,-0.19921830833702714,1
193.55667430184937,60.252549171317526,0.31129150874618966,-0.3449351144730711,3.040756631406302,1.4781956128852631,-0.4074172262953697,1
208.95226822620432,62.90788388282922,0.3010634170992936,-0.14484224543938484,2.8378875972094826,1.4577569260959886,0.3246248127972451,1
217.18112470201118,71.92345618365734,0.33116808047818025,-0.18879662355804483,2.9043814342456766,1.3900603160817069,0.5618278529333112,1
208.8035458692394,63.241929699894804,0.3028776615675831,-0.06181224151048054,2.897096983371634,1.5401765156051945,0.15004627703838702,1
200.5232610648045,66.40362768067,0.3311517443315959,0.09326289382722872,3.000294879680217,1.3137569616504656,-0.17054852720784153,1
199.7354031760463,74.54191956930819,0.37320333993872445,-0.3223937677196827,2.978368321831027,1.48733184540197,0.32264846161342664,1
215.27207336330207,59.44586231248466,0.27614293569868376,0.2883579793783857,2.7106318828727707,1.4581455573230657,0.9188224902208502,1
204.56283473571202,63.70930756158124,0.3114412627488831,-0.11810552836278201,2.9121337455037675,1.4796187280146436,0.004097124854772538,1
208.0923402892579,82.0369323496577,0.3942333112099302,0.19703772531560407,2.8835908204078278,1.3861780119461,0.130816326897369,1
231.1556308979908,66.67736468672629,0.2884522623467956,-0.1922806652887534,3.082699061555326,1.4454749745787523,-0.2944019561405251,1
200.3464477318673,67.81001570423578,0.3384637784793119,0.16605427358008062,3.0339278236003806,1.3567175728972112,-0.01498103395085737,1
228.97928611543065,78.00171950871295,0.34064967548807684,0.1127647422989095,2.93966695315644,1.2907863592426256,0.23822718340875992,1
208.74943828349345,75.60151792178405,0.3621639346359004,-0.20645033688861122,3.191272380112911,1.2959796748949772,-0.9539265956750329,1
198.59438720580238,63.999714351577936,0.32226345997007133,-0.09185948332424876,3.0641782029400932,1.4041199868855354,-0.23719536538461883,1
202.4260563027845,70.00721377669686,0.3458409211508897,0.028116982022029353,3.0228246923615067,1.4287663148123024,-0.22039424210728953,1
198.21261924756374,55.58411887966425,0.28042674119673866,-0.13804688533184675,3.0749467502972356,1.3390466868680408,-0.47155712638635583,1
219.72179989766596,65.94802383137778,0.3001432896603462,-0.16677404636470722,3.0962328109062858,1.4225238268424407,-0.3120965933073183,1
220.63222998024972,67.46203716330331,0.3057669188646749,-0.6088886983521042,3.0307140549919636,1.5808765024743843,0.1381940780582518,1
185.67071534794454,59.43733649497899,0.32012230029702954,0.7581777284694631,2.8930201924480454,1.3242481034821352,0.5457659330169156,1
222.32424706563586,69.78474358370539,0.31388723679384883,0.01015330130763546,3.1245131737098197,1.487683109665601,-0.6415425301339761,1
209.90681262181283,62.64842452782335,0.29845827176984696,-0.056233713139653745,3.0459328642216232,1.3348816189797457,-0.1638426869981009,1
206.48126264613882,60.30461747352969,0.2920585466240483,-0.0147608717078764,2.944822001763704,1.182327166957086,0.2088145878530816,1
198.38159112625348,78.49782192180311,0.3956910592165063,0.19684640376684526,2.868716745589766,1.5461152724880534,0.17290827432060896,1
196.4342356247904,72.44459371039633,0.36879820607632247,-0.06779216968414847,3.0078091144374306,1.359482660904301,-0.306882191377821,1
201.82661649782094,75.93208258203862,0.3762243251145145,-0.15107862690444407,3.145979129983103,1.4286902657352258,-0.5911949992239922,1
217.64026430631137,82.54610808884833,0.379277742342158,-0.22362076677954112,3.0390795706241747,1.3385576115425744,-0.523259706172909,1
216.6639358918889,61.72884312452287,0.28490594371609845,0.1374623057182831,3.0612025108325525,1.4841448250447418,-0.498261129972724,1
215.45538257465418,63.15811163521253,0.2931377758145753,-0.8726613581190961,2.954219629204254,1.6967217716367924,0.5198901837953125,1
209.39005433825628,60.31292313984891,0.2880410119308591,-0.4922740064831338,2.9879764393853003,1.3739075303723485,0.41403290368678736,1
216.34341408924945,63.27595077561183,0.29247920969532365,-0.47848066669775713,2.988311023267032,1.3969331968463186,-0.09096876506877072,1
204.4628794860215,77.13460254479338,0.3772547992021546,0.38207265134690727,3.077082261221977,1.5188065401161097,-0.1990931745908595,1
197.29906311151865,70.88751631902828,0.35928967528325656,0.26905970133196006,3.1451422503837745,1.1700073782109628,-0.5972428433096773,1
186.1419592802892,61.25065210191274,0.3290534403889164,-0.7180917873661062,2.7839851221643763,1.486393959688097,0.2776161086520834,1
232.28240022293605,86.03734697601021,0.37039976723778795,0.19720680681387565,2.788578544067222,1.4404136596327608,0.3404805507803501,1
229.75483532035116,82.80282966343505,0.36039646150637755,0.30343543795249833,2.852441423407474,1.4144567362633667,0.8548385143446735,1
215.62923001538277,69.06520083821299,0.3202960973022347,-0.291694979767485,2.8390795706241745,1.3957937901526392,0.0543229652206656,1
215.53084082575674,80.29909831774617,0.3725643068532498,0.09526203888401573,3.12604988153611,1.2776636388229905,-0.74668225396915,1
217.7044909981381,70.71404715464901,0.3248166669894457,-0.05558416826519048,3.2150723811034165,1.429955191322556,-0.8826923773227318,1
203.8648353963667,56.69467453111545,0.2780993319465132,-0.1128841278888907,3.153090944001053,1.5782108680566025,-0.5892158214219827,1
208.64885114665591,57.96537324006743,0.2778130477187459,-0.3997081327897948,2.9793179679990387,1.426728586064178,0.11006793621598332,1
216.81613851167754,62.76963685424171,0.28950629452733745,0.020724773292813706,3.1672651905921527,1.4993338088353494,-0.7513470871165575,1
214.38457046831468,81.67397452116266,0.38096946222738454,-0.21738520941934328,3.1079764393853,1.3576177478189388,-0.5195811589261652,1
201.36757565807966,59.7060432406035,0.29650276637378714,0.12951017725937009,3.0435908204078275,1.366650765262356,-0.4090797088876297,1
201.2477301949756,62.2483874054619,0.3093122458829899,-0.4142098176646088,2.9329031751335592,1.5478569993696036,0.28312917352255207,1
216.12490604244925,73.94551139989412,0.3421424802626423,0.12799308374575846,2.917140442058621,1.3524935316239795,0.2710113834905168,1
195.7714220708449,58.03878732530258,0.29646199997617506,0.6987649535621783,2.643098675220098,1.327122378734801,2.0489702841333273,1
209.24791266360276,67.91888055313518,0.32458570166157363,0.13981952951849505,3.0644984515601634,1.4457274883482465,-0.8008209353844515,1
210.4497248210246,67.19109258838101,0.31927384388610236,0.4872575146260182,2.809486175219558,1.4101056048197564,0.6397474526251878,1
213.41122527145373,59.94068636957287,0.2808694167484856,-0.3888765027818897,2.87387179419703,1.232926998426438,0.6242531548406625,1
215.8059524708776,73.84941153385519,0.34220284792107836,0.08144587472768498,3.2080471909383075,1.427939040257366,-0.6309575423427316,1
213.68773169073447,72.60513645760284,0.3397721333046983,-0.4723003892770983,3.136174630069642,1.44305149526207,-0.6233445041686361,1
220.22020811778134,51.1436916410941,0.23223886707863203,0.13955684432945606,3.1449041738828973,1.2338917009251154,-0.45785104766391704,1
201.9026530162758,62.55375776776802,0.3098213759614413,-0.9140731616790402,2.888563821917566,1.3020707955457012,1.053469391361813,1
225.28985533298223,67.98907616857481,0.3017848986945542,-0.1586033842006801,2.9799038795071398,1.3342293855574499,-0.047710658537035044,1
217.21614151206828,65.72136407223496,0.3025620638261064,-0.2240633272531647,3.2077269423182373,1.5202902492400463,-0.8346586877407915,1
232.35805996592427,55.145985696105015,0.23733192515117518,0.11319308895142156,2.9652678811899555,1.4770411488797417,0.26477064549157436,1
208.89803846949144,74.05436339611441,0.3545000419280131,0.10385000094646382,3.0139425457500377,1.2673622545972476,-0.5510618554245563,1
192.39738018296703,67.78893116575222,0.35233811968378137,-0.4016247948561697,3.075463381276494,1.3512528710627651,-0.18874231934886643,1
193.5712425016431,85.48085809205665,0.4415989533741359,0.0003698963108190769,3.1526291922749685,1.4245190347932757,-0.5803704164750463,1
194.3527453100662,63.81826429361034,0.3283630709295927,0.13563768387324712,3.0131023645672386,1.404691274674154,-0.3027014448254173,1
213.83498216374417,54.3201034186604,0.2540281429586894,-0.0552282991486096,2.984529046009654,1.62469562213133,-0.3326320886482774,1
225.87387834456192,61.39873522266427,0.2718275157475397,-0.16664274636060797,2.9289695442403,1.5423066170180393,-0.5496358127887695,1
190.99195170565224,79.78835493644765,0.4177576815352601,0.08067371683439267,3.0654208048621556,1.4973082621231184,-0.5012144972186428,1
228.20756665686935,70.35224215518166,0.30828181197410776,0.3115420325320683,2.8930201924480454,1.454150973938362,0.3506697408777786,1
219.47077788327687,54.306017302169735,0.24744076558133765,0.1868198177477738,3.126428310992824,1.4732405133634277,-0.4304943428406549,1
245.253198674252,56.89410266741359,0.23198108312128873,-0.18064029133564014,3.16637013015618,1.408158844637477,-1.090550082899634,1
204.77720267956585,66.02169997503263,0.32240747071021864,-0.14655952230864686,3.0424336921884287,1.403015109972821,0.11909822977243811,1
204.63919873804062,71.48571639296132,0.34932562692678665,0.0072747869541505686,3.0181964252633673,1.5076542787822418,-0.643605241312875,1
195.55235527947423,66.663061688784,0.3408962351464,-0.03345640569314979,3.2088840705376356,1.534714290148666,-0.9966587556649729,1
227.61537129609786,72.47383205597586,0.31840482320368807,0.6482140716353639,2.9241074513870857,1.5455980142360886,0.5387974822013892,1
221.79512075045258,68.35473378090141,0.3081886271872008,0.3200992514464768,2.625862112668617,1.374177664431174,2.5131434951831295,1
218.9104768520425,59.82440274498043,0.273282501620124,-0.7034162922765137,2.932096688995876,1.369179148715096,0.6535404550846322,1
195.71016106410028,55.81906764133008,0.2852129257767452,-0.14321181412160486,3.130561131319763,1.4890960246475438,-0.33258431051001747,1
190.18597198213828,57.00866070337732,0.2997521852386222,-0.09373019762786138,3.0570969833716335,1.4757088623523957,-0.4549063652366119,1
188.46045641202258,58.877019805020375,0.312410470217159,0.0541980091090951,2.9463787436478746,1.4519169429688392,-0.1309889292627111,1
230.12031782426445,68.81834816215192,0.2990537681018949,0.5530542580936738,2.874967934505293,1.387249499065926,0.6811482024758986,1
209.45466510845657,69.50176283987895,0.33182246288900097,-0.14120398497417394,3.063864803266419,1.484396124594925,-0.44753558534348636,1
219.74795094447546,80.36370624076181,0.36570855789716833,0.20110376570078278,2.8580753660769767,1.2980206820699496,0.4246121031557828,1
201.2965690008839,62.617937513876655,0.3110730492063265,-0.024037423934805437,3.0847512502106964,1.4345467044215092,-0.54649582372803,1
184.64976506865844,69.89450941275483,0.37852476761487297,-0.1698305230208043,3.175337750470313,1.3856718834567574,-0.5499928888336969,1
210.59670668083731,60.59619617454551,0.2877357254516806,0.2570468146802935,3.1521125612957097,1.3810714543319544,-0.4877604473227919,1
220.47620526169504,74.72001285126011,0.3389028433366354,-0.08299197503414368,3.164138045836576,1.2153454973776947,-0.7969391920700102,1
221.3995981545058,68.33092620464612,0.30863166317474855,0.12760183850037268,3.022417819888595,1.3772465672970078,-0.24959512286799912,1
229.68009256415618,70.928481477325,0.308814232376333,-0.02653149809804802,3.1591650443268384,1.3289558922207763,-0.661191167336268,1
204.45443791503953,69.4352489643424,0.3396123345250937,-0.08043241367244858,2.9321833128487174,1.3676715754634592,-0.23665494298712675,1
219.72996726336208,77.85565315016568,0.3543242376987665,0.40356546021777895,3.130561131319763,1.2539178013215484,-0.5759481486843177,1
212.75980940708416,58.54552437702274,0.2751719158809952,-0.04237484357637547,2.9471607439940297,1.2732625764486503,-0.02440641927088416,1
212.1757449558953,86.43571662784566,0.40737793401320654,-0.049268927328289316,3.1137863204943663,1.3431881039363647,-0.23797151347960543,1
217.53228183133572,64.57835914510315,0.29686793427365493,0.5089212321896348,2.9734807940239527,1.638039512993971,0.41212499250650536,1
210.44452645009872,76.11103318095515,0.36166791536392295,-0.17066229088157586,3.1215968125891016,1.5451801093871422,-0.5682931789026786,1
215.17754968674416,85.87451402988525,0.39908677348032595,0.4318823186561639,2.8885638219175656,1.3433125167379314,-0.20856457644876691,1
200.35064462763643,78.45953386777862,0.39161108771873593,0.614151287093434,3.012183312848717,1.213500953063825,-0.03430895090115671,1
217.1117686526849,54.64480653485588,0.25168974889735957,-0.05334292632133025,3.0824336921884297,1.3436366057526714,-0.4944216731541884,1
202.24000847947215,63.421653644963136,0.3135959799536924,0.7480572916541219,2.843145261855564,1.5516749963994616,1.0525254018039627,1
228.58223224467275,87.29711118648339,0.38190681020667083,-0.20902457086902088,3.14319982023475,1.46931001231528,-0.262635383120406,1
215.4565203716273,73.25147809310539,0.3399826469245793,0.5499697942778043,3.172183312848717,1.6541405263569688,-0.35121793090353304,1
187.56136642921595,69.13281080155113,0.3685876900861738,-0.0875499717684663,3.0354633812764935,1.4975567216755488,-0.4542246748428713,1
209.28739771839443,65.97311256102053,0.3152273537740209,0.7742405295490863,2.767351814444994,1.456175778910062,1.1267634798707213,1
223.33130848654392,73.12452374199088,0.32742620923835564,0.022354700368861172,2.99812567371036,1.374113916143445,-0.25526174863722284,1
196.60956246812094,61.454139796583334,0.3125694346964825,-0.20335528415792922,3.0629068644807,1.2370476898474583,-0.40383812708531286,1
236.92818212905607,65.55863603961869,0.27670256636632845,-0.2757038682117494,3.0357836298965637,1.5696637852970368,-0.06769833036638673,1
207.9079671410413,58.677465893758686,0.28222807764722585,-0.11506804456896991,3.019556044499916,1.5287313794045183,-0.18798822634664702,1
239.13128260922417,74.76101908342781,0.3126358804573401,-0.43711637459761243,3.0513431316659183,1.4885498339860788,-0.10787572234751508,1
206.9116046089625,56.88026239782249,0.2749012676467286,0.5466904477025989,2.997598892201235,1.433322141997489,0.45432411091015146,1
196.65797356201494,68.25294076844783,0.3470641923752187,0.2406462724648574,3.1147647031997097,1.3854091508158322,-0.41910096154274745,1
204.37297095643123,46.61578230654988,0.22809171921509894,-0.05083835799114138,3.13255844072196,1.3712524881710701,-0.3921920510547281,1
212.69252563058643,70.61895530393274,0.33202368110756647,0.8769398090583348,2.9702681755657125,1.463314327452321,0.5449899726118317,1
218.64254576226057,53.84677050037642,0.24627764149309864,-0.149866863883684,2.848102070191481,1.3963400797743364,0.585208472481908,1
201.61266222991227,80.9458279354446,0.40149178647885075,0.19217479802194096,3.0153926297234865,1.2316876122763245,0.03202792078495831,1
215.1083801880727,57.72839770911663,0.2683688922702303,-0.015126351055500977,2.978912245676305,1.1770021192260487,-0.11010926682013222,1
190.86608379991273,56.0771150686526,0.2938034560788649,0.1604941527741909,2.775616304948694,1.2288088631322556,1.0221572601629925,1
228.759998725148,76.39514747295722,0.3339532606167958,0.09666470845422334,3.02765619076523,1.4226849656072027,-0.32910332978563384,1
197.33318342808587,68.36731490144675,0.3464562508634633,0.19995395733218563,3.0170148112524404,1.5169779628512825,-0.12375766444026359,1
211.83071779584796,63.64422476752204,0.300448515823183,0.3786769063080419,3.1524876891689533,1.0935181107812368,-0.6279920139020798,1
217.62616440856354,65.07044750009878,0.29900103085922086,-0.047257097601343445,3.0697917016899714,1.3318258995003978,-0.1668308971508483,1
211.38155559487447,57.24908896562469,0.2708329437945193,-0.24950502721643605,3.0114286053685824,1.2735062305179201,0.1810219841260463,1
228.18159890393784,89.98989978286518,0.3943784258464681,0.14589238431378782,2.842753940808499,1.3015094410801586,0.0733044760792727,1
216.8082138242332,67.25624317784178,0.3102107710382529,-0.0573067986912201,2.97998720177651,1.2624260481112788,0.08687168380166099,1
192.52398389263166,60.98541363592273,0.3167678769307702,0.2932564663109697,2.7901152518935124,1.448064355702537,1.0743814019610003,1
207.41307103278763,74.13355159481685,0.35741986378041674,0.29950559717182146,3.114333545923115,1.426569661110208,-0.43296686624350267,1
206.4617813239377,76.96063704813275,0.37275972605981644,-0.2752566454725591,3.137906570104942,1.2423932565950906,-0.6488960616793431,1
223.52521159541408,64.38892126706212,0.2880611131401481,0.7081876272032558,2.839082872207645,1.563208325532127,1.1115815685312125,1
202.3175466050859,70.5761872373411,0.34883868661724343,0.395884913595357,3.047585439212223,1.4258672167436688,-0.22041575369922972,1
212.59019936587603,82.70067638797127,0.38901452952513665,0.3298405701906029,3.0538570720473737,1.540214920415784,-0.031096768097506278,1
220.85068240909175,62.842551032770814,0.28454768781907,-0.404254184249322,2.994946750297236,1.4009984394345998,-0.3685045730071699,1
217.4273755581979,68.57146355560471,0.3153764027163657,-0.20136656531135874,3.057851690851769,1.5445899334201452,-0.4455341390111687,1
217.23802130502253,62.70678434371085,0.28865473901396227,-0.5089401671457278,2.8701974240127055,1.3844660043198942,0.5310271071673114,1
170.0673160823764,57.55794711753449,0.33844214422514224,0.34357329256646973,2.9667697438209517,1.40183819003376,-0.1957124523916467,1
217.00653244269688,65.70502745768319,0.3027790302811892,0.2646880931822352,3.101233105282043,1.3468370931962266,-0.31650618477422654,1
222.99531256099309,68.02169582074414,0.3050364379392012,0.0010598313544115273,3.0074033921146963,1.2514550696781046,-0.2483613318281752,1
199.42391854848609,50.73339464031636,0.2543997480822819,-0.24120923183579437,3.019990503359981,1.306322321576423,-0.193000484307563,1
189.8977238819583,74.59111684241353,0.39279626589300176,0.3668616475334238,3.18319982023475,1.359030896321286,-0.39205597321695107,1
203.04149230154854,50.25109891416534,0.24749177296005367,-0.007556777566357929,3.195463381276493,1.5494708937266244,-0.7619900770736088,1
197.12289660053426,51.31027093289474,0.2602958449665744,0.13781810537125277,3.0992357958798458,1.3146755233858198,-0.2466386592255425,1
199.3963564767724,64.87289090498591,0.32534642082360676,0.251144572993431,3.0615260610360937,1.5029706705673067,-0.42209137938728425,1
227.2718487375688,78.41694588797219,0.34503589566220483,-0.32477193020945355,3.066581234665025,1.5445710674652087,-0.2237089135045589,1
202.92052282136459,64.24212289019691,0.31658760778351963,-0.18683815620151242,3.2261206330891175,1.5640638150983532,-0.6386566412686263,1
215.72820055541476,65.65469121961148,0.30433986400747154,0.30842427311073906,2.9541310549059645,1.3514099559089818,-0.06742580816745658,1
211.437172242636,50.84949743408674,0.24049459654962704,0.17486276660797215,2.7512306859712217,1.4905749651172875,1.065990229062515,1
195.24406631939124,79.72576301098434,0.4083389806098611,-0.04771943546143403,3.14765619076523,1.5068885998770924,-0.7361629415872248,1
184.33486873117442,59.10049747281139,0.32061485642741233,0.02501082560048963,2.805932864221624,1.4680978848834088,0.41006399275260996,1
199.60214898911622,68.32982882676535,0.34233012606738616,-0.1553488957333778,3.008884070537636,1.5073584244404734,-0.07485975123965627,1
202.36663741032896,74.3559032966016,0.3674316292849881,-0.2717604524402535,3.126972234838102,1.4375341202641256,-0.5423053818669565,1
228.9645920750698,95.4037887653313,0.4166748574559144,0.017648768429022552,3.15624868320612,1.419572568335671,-0.8214575909162578,1
203.58402801048152,74.97274909259913,0.36826439591193844,0.06556851415462622,2.9398490002539663,1.5290193344619043,-0.14237295072342526,1
187.54131118496989,63.42603522796629,0.3381976740335888,0.0398121837612681,3.0114286053685824,1.4869381805162198,-0.2980102699091063,1
218.24693176284242,67.11641813607561,0.30752513950119365,0.4911143501343255,2.8092288049492344,1.5649262795429244,0.9330616967629712,1
201.31590357600948,73.50039994569009,0.36509981894172133,0.1120192676586522,3.1012025108325525,1.5373746738711522,-0.4511490316655755,1
220.63768465355162,76.05795786837679,0.3447187999085653,0.0037059421090418604,2.944904173882897,1.2496163579275144,-0.31497016437308734,1
202.44355366536837,60.85134343841196,0.300584248481416,-0.20598541593718947,3.100392924099244,1.4314763592287583,-0.25106844248105364,1
213.85405849963925,58.510037733962754,0.27359797679061326,0.1648013923708532,2.8628246923615066,1.5296836699755194,0.7699476964818737,1
215.87328449085697,58.98039104296001,0.27321764794595527,0.2576072225388616,3.1076561907652303,1.1856706488431539,-0.45832917470256485,1
206.79686959002748,80.58840276556103,0.389698368864706,0.07662222278597723,3.1252130019367814,1.4389844031796852,-0.635544380530825,1
200.09159963023268,66.68272330095868,0.3332609835904541,0.6189528715189615,2.848102070191481,1.454512376419832,0.7319012734338992,1
205.2685237615507,47.15192150795678,0.22970848449580417,0.23783126109142597,2.745163434591832,1.3654665187610913,0.9849928837261821,1
201.72851817613625,57.4840263537774,0.2849573618717909,0.13446624641022453,2.886803438866068,1.372921043889236,0.026840879313842603,1
227.7460699650941,74.5483262317337,0.32733090078419125,-0.2983747913021637,2.9878798659904375,1.4356852489477292,-0.0446844121043628,1
204.63834522568817,54.20989141939773,0.2649058335553467,0.013748004100456032,3.137851690851769,1.4550575930238323,-0.6329611818543239,1
221.20934386283633,81.12118061088059,0.366716790504025,-0.07458520465601434,2.990952131492841,1.4346206229138245,-0.09820783789480014,1
207.33990937591204,56.43023464597077,0.27216291748088617,0.34692518839379743,2.9594580000808888,1.5423845238135745,0.5200710529046093,1
200.31673474798777,51.6428042238481,0.2578057409373126,-0.5339217128735144,3.1089548220906433,1.4157578440611556,-0.3174559496218805,1
212.74302495863282,65.6109902771933,0.3084048950133671,0.3000503350759167,3.0172384864776483,1.4551896607574408,-0.01750906066598512,1
219.5264186895757,53.212046344788654,0.2423947270785384,-0.10606290894616888,3.135017501850243,1.5323953050461463,-0.5823266172758208,1
227.30195535635303,66.9744912884661,0.2946498686448461,0.6083536873851654,2.805267881189955,1.3021172232121643,1.30026245114321,1
234.5967629920882,65.5195093736582,0.2792856497166069,0.2470322576145747,3.015616304948694,1.4701957037173292,-0.24368828872035042,1
205.0550890738687,59.45883886756526,0.28996519489524064,0.21297715441886406,3.190490379766756,1.500034311158373,-0.5745974802096643,1
203.32251802307744,67.1620126317555,0.33032255002927174,-0.24503318129724735,3.0970148112524405,1.5307103260331114,-0.5996173312382487,1
227.92109069669652,77.94599371779155,0.341986752869296,-0.11447960453436591,2.9199197518069737,1.2349587634714412,0.06276445543348208,1
213.61627118106907,71.30153087900382,0.3337832389114498,0.11603254294689495,2.994967934505293,1.502056832269203,-0.1732492965064334,1
196.87261933416826,73.57794879390923,0.37373378300523985,0.05039887300293518,3.1823080613822485,1.4203957390756026,-0.6078541664393295,1
249.02933308993815,73.86999315364756,0.29663169489744023,0.5115723564653846,2.9330201924480455,1.4947652455052645,0.44513845558248066,1
195.1297332728339,62.341242223154865,0.31948612432113677,-0.21348621246844257,3.0825158643076223,1.347221501297789,-0.318913922786475,1
200.18792570436136,72.51755429244616,0.3622473934793674,-0.4049438501166229,2.942683189255492,1.4089393700576895,0.1863181654939554,1
205.71993429372915,63.80824435878735,0.3101704488573346,0.15209295769551892,3.151874484794833,1.3775089556112428,-0.7107156192473627,1
198.62411296986883,59.16141176202381,0.297856140815081,-0.23473697959669848,2.9962453816226486,1.408067436549769,-0.10028547604351568,1
234.30169496609685,75.81826834602856,0.3235924876983897,-0.01392495380818141,3.0196669531564404,1.4892754506011323,-0.03985177532260975,1
202.76845750849213,59.68522980112643,0.2943516488437397,0.026040162200881154,3.0121800112652464,1.3719353699756303,-0.18108148575979532,1
216.02336554847602,73.70795153475471,0.3412036070617302,0.45504792893751966,3.1070123919416193,1.2960946825847441,-0.0670913732873899,1
227.40755233568328,61.62412113279338,0.2709853762544707,-0.3187685054856442,2.9649749254359046,1.4868851554157527,0.3215751891238443,1
212.35185930269827,70.5383076190072,0.3321765481622552,-0.0049569034250764605,2.9076013115120567,1.2275645797000563,0.36206500815070664,1
213.72238532141057,75.74259084873104,0.3543970873000695,-0.3005535760994503,2.8945557501241583,1.4656367647312882,0.24567349962594687,1
220.08101456270953,58.93641461885292,0.2677941790479145,0.1936205596690607,3.159165044326838,1.3391092544046448,-0.5067574919059541,1
216.24059431712786,75.3530255587214,0.3484684538381001,0.07488277940337774,3.097389939125684,1.4890861095218877,-0.5506491067798605,1
194.23334999243775,67.3891065189199,0.34694920579572774,-0.13672495458657255,3.0538570720473737,1.2617221480285616,-0.5180195599362509,1
203.3505035555585,68.94998168975417,0.3390696383051541,0.2776332415376322,3.0034087733103014,1.4049797843766885,0.09084371835280791,1
204.72127837346576,76.37306851360171,0.3730587710295411,0.43574565709714597,3.003473803093341,1.4251707867057246,0.3768777074093519,1
215.76473177494802,59.77723304590413,0.2770482115133366,0.19024208306084403,2.9851422503837743,1.3460058131352572,-0.11732449400180878,1
222.41305370006353,59.698471500922395,0.2684126246538979,0.260180505415517,2.9599746310601467,1.3907717785371367,0.42548176489682676,1
213.57333128933354,74.19222618700434,0.3473852551679036,0.4793132792414479,3.0309521314928407,1.3874888233044107,-0.17659571849046118,1
205.18259079789638,53.66119146218026,0.26152896916598645,-0.17486616900377258,2.9783134425778535,1.6290834088928454,0.12807547423219479,1
200.94107655367446,70.47734588613524,0.3507363805095851,-0.09393070704379787,3.0671944390391452,1.1481594360734584,-0.8058246311468413,1
196.70865194674414,73.850331446808,0.37543001142014765,0.6905348993135075,2.919165044326838,1.4497433667526685,0.7098262671692459,1
204.5176014919372,60.94180046726559,0.2979782670180988,-0.06229238254674816,2.787194439039145,1.5127341904961316,0.3192383965783385,1
231.1444777432594,72.55172892204578,0.31388043370273216,-0.21917541740614963,2.7932840247767703,1.4344533347361317,0.46955843713840695,1
193.04242004155856,77.02060520827081,0.3989827996959925,0.22915439260631276,3.0075854392122228,1.5784260841284754,-0.17021891786399568,1
214.8564632945542,70.42482233024388,0.3277761406399771,-0.4721449453265068,2.988172821744488,1.4092262663232489,0.024781663038714985,1
209.30093493267913,69.23136394566507,0.3307742699187325,-0.12394325728127857,3.1730201924480457,1.5381499823913436,-0.5836550956985049,1
210.99368233521727,55.74671431989994,0.2642103483995889,0.07904610636495175,2.83387179419703,1.3465236509489618,0.010672581173560403,1
214.3037720889507,63.468756786968875,0.2961625741269034,-0.3797789517141334,3.0307140549919636,1.3865855802146125,-0.06764316647336477,1
215.29613771656267,72.70062186584398,0.33767731570528375,0.002894521647212085,3.1264283109928246,1.6204773543224797,-0.2999868006220452,1
187.12327798629815,54.25950385433526,0.2899666168647833,0.3599520215809691,3.1219719404623443,1.4401409068826558,-0.38378502211514265,1
198.57933348139423,60.8782979784856,0.30656915254572326,0.27478431044865986,2.6873448951968615,1.4780399960610493,1.5055599354785052,1
201.49277431882192,78.20837826442548,0.3881448281647877,-0.30263645862123223,3.156762012601907,1.3032418053706263,-0.710737500023293,1
200.98293794704728,67.15265202144941,0.33412115828032146,-0.1083154189496244,3.1685638219175654,1.3050572813752934,-1.1987053374272418,1
211.62421141405576,73.52213398415353,0.34741834827350143,-0.07595514922412809,2.943661571960835,1.2761098996480322,0.26720196448602795,1
201.1452897421186,65.46460238797374,0.3254592860310258,0.10548228275091252,2.924376122337453,1.3539149555617793,-0.025585510404802392,1
200.38457245808004,70.98599531784738,0.3542488049208353,0.7489296827756883,3.0366786903325362,1.4069988673263194,0.05112834760410889,1
213.41937765025497,75.02223857294028,0.35152496178619913,0.7412254628351843,2.9788300735571114,1.494412536055069,0.4280630471780644,1
199.86139729439444,51.58326468215071,0.2580951868667711,-0.03089056033798087,2.9622229085535716,1.4275811876420264,-0.0471799938098183,1
181.27135038358622,65.20143615035879,0.3596896917929214,-0.23312152720351065,2.9904599863051105,1.6647142724549728,-0.11926230142080563,1
193.50597290282812,70.52648378609211,0.3644667021286626,0.23861304391328028,3.1625158643076223,1.4055011516058302,-0.627179433249414,1
218.15223566300355,69.43325320909548,0.318278898211038,-0.2650640356679344,2.6852093842721203,1.4040628090020448,1.5497586479659837,1
221.81006058943484,58.522935483808844,0.26384256569918807,-0.11212880062796074,2.9851422503837743,1.4713950981926287,-0.2619582301286769,1
229.57576835219845,59.61081143717448,0.25965637342754705,0.13408929428832772,3.018368321831027,1.3756267331312086,0.14013537301222279,1
181.83248431904553,75.6501182257927,0.4160429227434195,0.03356288544111363,3.0677110700184036,1.5082793291617298,-0.6609740732358129,1
217.32315275714606,53.91623586597331,0.24809246130449591,-0.27133627906934765,2.838439073384034,1.4598749603728438,0.4873946475490425,1
215.6257752074768,60.962502423977234,0.28272363248465376,-0.0899094963960823,3.125213001936782,1.4729718067688897,-0.6928878496776334,1
211.71320196927158,68.7082503756555,0.32453455777230145,0.3319632689060233,2.8230279236670905,1.35025038052064,0.29668938870355044,1
212.19754965197436,71.34625892745831,0.33622564937471455,-0.11332406336930571,3.033496666323787,1.3999241925612247,-0.41591110413068444,1
208.76664741001406,69.51201568347533,0.3329651385690691,0.337617156237047,3.0872651905921527,1.2837331391791267,-0.24445706883770368,1
198.0519096392851,60.88187145682855,0.3074036073053454,0.23023138373008856,3.044052572133913,1.34038319040068,-0.31452081458227443,1
202.5400080534674,65.23528547378085,0.3220859231750388,-0.035059049377734366,2.994333545923115,1.552096394862489,-0.11770172448560068,1
200.133670458725,65.02241180031115,0.3248949147401021,0.18916853892832616,3.0390795706241747,1.3307629949008681,-0.17314769353662207,1
215.66457499373516,75.79785495954815,0.35146177791021077,0.3589422285578839,2.599919751806974,1.2368282250763156,2.0027613902441326,1
225.52219866529842,80.8355021165296,0.3584370079528137,0.18093228566401282,2.832711364394161,1.3403765007197461,0.7280770152713734,1
219.10109710481123,59.85203894650753,0.2731708774505869,0.6547798793500087,2.839458000080889,1.594712054165749,0.704362126309928,1
198.08095784404014,58.79833096676337,0.2968398962057649,-0.31580593881438906,2.7907995286946274,1.4212275437605264,1.0152388243511643,1
211.35711996167916,53.780044534757685,0.2544510662546332,0.27960884397350627,2.990115251893512,1.387130711634489,0.18330907397927998,1
193.72530590764248,54.62182214961611,0.28195501818258467,0.009028485428885999,2.9380753660769763,1.1977807104286902,0.5147207736577712,1
199.67845339620195,64.5139972433452,0.3230894277578189,0.0872796776622692,3.218368321831027,1.2143997111065465,-0.6542100038329144,1
200.41493326274113,58.40075686907372,0.2913992281828179,0.43346602695294467,3.157922442404776,1.5195976809131944,-0.5362720307389592,1
197.99827088708605,54.8725453836637,0.27713648779769534,0.19109614179157802,2.722110141984888,1.3786691874467856,1.2559874010902323,1
203.56786716087012,66.27253320618914,0.3255549813950601,0.1320334965549313,3.0363308553253128,1.4932771881524796,-0.22970937401335068,1
186.05819753572388,71.13920961456903,0.3823492356519794,-0.11307337501485874,2.8629068644806996,1.5358583312315588,0.14022814829240193,1
190.07075670616888,66.88735056883989,0.3519076354930354,-0.29914556488307664,3.164431001590627,1.3781862967129483,-0.7669649122064888,1
212.20684945681037,62.01784925304819,0.29225187316901585,0.044005158766739876,2.880143427032181,1.5358050909724885,0.10308059889143184,1
199.09043415271947,48.23940511189846,0.24229895985306202,-0.9776977721847636,2.7458003844690473,1.4749871215752288,2.154404072702979,1
187.1370516924153,58.16380580263506,0.3108086040504423,-0.23359348277984257,3.1577809392987612,1.4466463967116827,-0.7780237472179676,1
215.9913028952659,76.82248216567083,0.3556739606451748,0.3461112089640133,3.066874190419075,1.388003210654457,-0.4627870058535324,1
198.2374466501897,58.46878827448286,0.2949432070604553,0.23954257466386206,3.1056588813630324,1.3182566524156667,-0.32538924606278563,1
210.85226275161637,55.46268957869386,0.26304052351588386,0.09869099117747897,3.2407566314063017,1.212873755805154,-0.8979356677788215,1
207.15068438165258,62.317758697742754,0.3008329848571925,0.3437954145530998,2.894317673623281,1.5674180872576624,-0.08105899711490139,1
205.30984160168623,58.36931347381165,0.2842986630278139,-0.08350437125750826,3.075170425522443,1.433183299242752,-0.5719569480913149,1
197.40752536754124,53.90318524148109,0.2730553718310484,0.32554084299825986,2.960959862711886,1.5327212786972415,-0.20619336901917418,1
226.39458089562643,87.89933356149663,0.3882572330740568,0.07627663950763011,3.0310376051955044,1.4692377378130452,-0.4091297802698004,1
211.94133309081187,73.26067219200667,0.3456648645340746,0.37994307012889506,2.9871251585103025,1.420051528005661,0.09947063662996714,1
193.1314610176539,59.75111402224777,0.3093805313096347,0.5260919368389522,2.9538717941970303,1.3433762186096085,-0.12505970623822193,1
201.4371238897881,73.82790574178615,0.36650595638060973,0.21472660440972877,2.9019845111787075,1.5170764611219643,0.21994915623034217,1
194.11838359505134,60.41747973716884,0.3112403813499973,0.22306115367226947,3.048102070191481,1.5717120618764326,-0.28395613083538906,1
220.02663281689257,67.89268069400396,0.30856573963255,-0.5450995340305089,3.076330855325313,1.5225709016664233,-0.3746401719013277,1
232.15366078189825,55.856928393776464,0.2406032633973946,-0.047806830281906895,3.1288873721211066,1.5973809727186985,-0.9862656824825375,1
203.2210710820696,70.82258974327848,0.34850022867302577,0.37753923682001767,3.082699061555326,1.4277266234269785,-0.6667346651918793,1
196.00595977596433,61.98103247466548,0.3162201422115433,-0.29533491346233515,3.055616304948694,1.4514439555078984,-0.12195587364398941,1
201.5268630082924,66.05898920544458,0.32779247500481556,0.1682685448904931,3.085406082712499,1.2865743015382447,-0.19683740323002308,1
211.69064384764937,53.69009865876664,0.25362527924194234,-0.04155755140781585,2.981987812762178,1.4420683143153972,0.030922427231079297,1
227.97407899160186,65.3255255707273,0.28654804028458764,0.5823375415685914,2.739473872380723,1.3080502194232586,1.3146517468232695,1
208.5187762050608,55.40748877910108,0.26571942243039276,-0.21094005050411338,2.781719141811811,1.4078170897013733,0.9836254831931388,1
215.48389223667016,80.58804884111977,0.37398641728917886,-0.045859302452730524,2.984067294283569,1.3109713404019616,-0.016004424509291404,1
194.6232391522052,54.698391195933375,0.2810475842155544,0.13539297053827007,3.1652130019367815,1.318939755815199,-0.4944531338734115,1
233.72113310773017,77.80520455042718,0.3328976011534398,-0.3707850931176877,2.974555750124158,1.4152361561520643,0.39735117394145947,1
218.48562069973525,63.234604882990595,0.2894222726441751,-0.147418278265585,3.1110070107460137,1.3878302369659825,-0.58152100853837,1
208.5514517101473,63.60828332007627,0.30500043417813977,-0.6255174256368928,2.84572963291604,1.2493533192120612,0.747196424786055,1
190.3706717429797,66.96879525925468,0.3517810524389468,0.1607810516570143,3.0841074513870854,1.4088957047124937,-0.4916906104725758,1
217.44830534529856,80.38334248585342,0.36966644719630315,0.20575706433190252,3.0374606906786914,1.506702576820204,-0.6123664894711371,1
262.75237601873914,110.32036859409844,0.41986439957532695,0.06445019698518603,3.1472810628919867,1.5324522906291849,-0.6491261783660738,-1
273.7657055123246,163.58162087908175,0.5975241514380168,1.0252271926462637,2.9000726754791737,1.6903101871003563,1.2465185867714528,-1
274.046392377914,107.83232527040609,0.39348200986971477,0.4465931760241721,3.0040525721339124,1.4335540932611264,-0.19281627387463995,-1
290.20027146745076,132.25438813322117,0.4557348877189282,-0.12018785857417193,3.130044500340505,1.5166215662523779,-0.12688718151064116,-1
268.5377420375535,130.3594012006711,0.48544163740842455,0.2807051884839151,3.1550882534032505,1.4084977214315888,-0.38260381237720464,-1
265.9228594232541,84.47889294966993,0.3176819515738199,-0.40043732639714835,2.734235501504088,1.5302189045302081,1.2494715122732352,-1
317.1567811119858,149.86628041233502,0.4725305884581364,0.30955690687522613,2.966972234838102,1.3755775518593787,0.5376654078838685,-1
226.6993075646865,107.63704996808615,0.4748009648744645,0.5421191289366626,3.0138570720473736,1.4638538509145662,0.04863465500128017,-1
257.9726369873343,119.98032286789936,0.4650893376485897,0.6241835936732094,2.9560927788244356,1.536303554078486,0.41160508618160385,-1
261.0065284485637,147.91581736120912,0.5667130942679035,0.6316882055445119,3.0120966889958756,1.5311706218331846,-0.0004410619728081322,-1
295.5061396747944,159.49634041417107,0.5397395146838485,0.9749560885606225,2.703661571960835,1.5693470699906853,2.5614558975398003,-1
273.4713953700351,152.96007521130602,0.5593275121309679,1.009848408781757,2.629360544413377,1.3386805517548543,2.9194790997149482,-1
310.42511423551383,125.84459959399591,0.405394389252024,0.18839873441103921,3.060365631233224,1.2613656835223725,-0.10884941645004398,-1
262.07384201002105,119.8297931117552,0.4572367550790254,0.6629492060311253,2.9501152518935125,1.314323344077091,0.4055917718412658,-1
323.408133082621,166.19267567881604,0.513879085521819,0.5391127754664669,2.989471453069901,1.4930646761135358,-0.02812405406987617,-1
274.36105895116003,116.4303617967214,0.4243691223594802,-0.1346955007221254,3.1215935110056297,1.341131116032489,-0.2871310465575707,-1
323.5353711339039,172.21876773343882,0.5323027498658297,1.546381452963712,2.519427606619244,1.4573685195354562,5.48047128081425,-1
305.3010041761134,187.49270432711455,0.6141240996998459,1.520233563276699,2.4344993338328123,1.4047499852301026,4.446254254787998,-1
275.62168141005117,133.405341370431,0.48401613649529845,0.8973929730647103,2.828837804776157,1.481970992915069,1.1737153691970672,-1
269.4009795038806,136.32536216517923,0.5060314272658966,1.1959422179729648,2.7027898471662137,1.4342474474094231,2.2604946251710825,-1
291.804460818354,181.34597944627626,0.621464041151731,2.1365779384822057,2.3713980109190915,1.4055151322474906,7.6535732527732545,-1
280.0403747686078,136.20820888309214,0.4863877538931251,0.7355446173234187,2.613911951300547,1.358234361972854,2.6700058893899907,-1
258.29190301367083,147.56884569315838,0.5713258680251695,0.37670772625358223,3.114764703199709,1.4319890242783473,-0.6565892564265279,-1
268.80327465478103,114.00807343009615,0.4241320109530457,0.31276898968630384,3.001076880026372,1.3431006554284959,0.14079199132821651,-1
292.7244262625588,145.70839056610805,0.4977664229339546,0.18538387926675748,3.1523056420714273,1.535265629311995,-0.7877397762391509,-1
227.9638093577669,104.89167974467047,0.4601242628826808,0.3358256152510304,3.1563002608758217,1.2557596012693317,-0.5774078214156368,-1
292.5800444347318,154.72616096849345,0.528833609508216,0.30630898548127045,3.02765619076523,1.5215192043315067,-0.5104230476505771,-1
257.7362871878317,145.07110964345708,0.5628664524748621,0.48940775717907475,3.1224336921884293,1.4330042821806084,-0.3168095606906087,-1
273.38760433637304,147.07993221228165,0.5379904936410949,0.6724341187082634,2.738481088399711,1.4285495961089294,1.378108683811318,-1
241.8394266500769,137.78565318616177,0.5697402408480196,0.4405613785989511,2.9279850528769944,1.4093319885417461,-0.0489407485507618,-1
315.9620839663526,106.39584167824138,0.33673610561946943,0.39980575161314785,2.6866527265064657,1.4536350227103398,1.343559096274392,-1
294.5302116253995,145.96905439790575,0.49559959771990253,0.50750864499545,3.076128364308162,1.2977937210812165,-0.9123530307641743,-1
244.99340941984107,104.7925304693069,0.4277361204020215,0.43687139231573363,2.7386300735332623,1.6055885251882025,0.7611121922474555,-1
266.64642946569927,120.55276435807485,0.4521071765319942,-0.28938713243367764,3.1277269423182372,1.3770629472377154,-0.6361532573390023,-1
305.9022430890032,140.03325834987643,0.45777127011498675,0.3760909310333608,3.009486175219558,1.3002511751580959,0.1679539926627771,-1
244.010838874739,120.68663412427009,0.49459538224129296,0.780856525339271,2.8212331052820434,1.59331698847149,1.0346972714783425,-1
281.8853799127385,135.1855864662198,0.4795764381539347,-0.10560557458079965,3.0832156925345844,1.3872614656756823,-0.7324248220185092,-1
301.82606519106844,136.19966400698266,0.4512521604811122,0.5441612775983904,2.8328222730506853,1.3643090624140926,0.2878083082283607,-1
314.2265067526009,183.95128905376137,0.5854098400380692,1.6062898615447427,2.3083143248505027,1.4902206719390285,6.956343995555422,-1
269.32005614217263,107.24444018600674,0.3982044327563669,0.6362711356329726,2.8672810628919865,1.4070634894320542,1.0825179991109026,-1
271.639423722869,122.95422738721945,0.4526376389042091,-0.1090602086243918,3.1235359411546546,1.5606553807704944,-0.5321246360694665,-1
290.06369111721637,129.74197079000427,0.44728787077861054,0.6209533122841803,2.887930173623821,1.2922554582254608,0.7693395678607411,-1
277.63111617820573,123.973583904965,0.44654066738466336,0.5843164878803915,2.6809598627118856,1.283815216571278,1.2620392673383458,-1
283.9660862830365,123.67522614003583,0.4355281567558933,-0.04217037897172456,3.145283753489789,1.4782812275839607,-0.48396922335547243,-1
282.21580801118796,135.83315010583797,0.48130950233820036,0.2848356994148682,2.8918597626451765,1.3807818835980632,0.33461433953769504,-1
293.24221595776925,149.7372162912804,0.5106263973698948,0.3355830839598234,2.8966912610488995,1.5052140683429285,0.3892582467710124,-1
275.90112427219975,106.17395494630526,0.38482610473727424,0.2548860094739973,2.8065104831120173,1.6894891863276258,0.4122769733994418,-1
308.8583351985745,153.86211166068077,0.4981640257879332,0.1157618317969255,3.180365631233225,1.3340904996219818,-0.7918781648133555,-1
268.92976416856806,126.87087751761301,0.47176212685067087,0.7173755249337033,2.6406669069578355,1.4666965113352943,2.7998797320860778,-1
296.79177243116146,181.5066182064145,0.6115621626556832,2.244204342633497,2.2918561449805153,1.5842875872259312,8.78564601869445,-1
320.6622996999651,148.53006659358442,0.463197783875934,0.9255033787300868,2.769193219465507,1.2798030612639753,0.8950338825995461,-1
264.9834254714848,86.93601948321965,0.328080970832551,0.2515785300010518,2.7693422045990594,1.4158537394752946,0.5962363824178429,-1
278.34281097085756,143.71515889293332,0.5163243066765618,0.4681493767631321,3.038814201257278,1.4437605205927988,0.1590323429114182,-1
278.48966711544165,123.3926186513171,0.4430779063704631,-0.14894854889270262,3.017851690851769,1.377588577125763,-0.07240852319185498,-1
308.6629846626597,128.81186133286232,0.41732202348021047,0.7545906925996173,2.901085493518066,1.3400500826185908,0.7353983890164719,-1
309.4141682613527,207.6118196060874,0.6709835582924052,1.8279230075276902,2.373075071701219,1.4044735194994404,5.836158290836044,-1
317.7519944084797,161.92879768691338,0.5096074943238564,1.833629887423204,2.4030741894285694,1.3398570695073597,7.274445445729789,-1
276.4540403680993,134.5293947161959,0.48662480945139974,0.27255550234136977,2.978688570451097,1.5069660456468934,-0.11579598768663724,-1
274.47777445031227,125.30446977780507,0.4565195489097369,1.0568911058683639,2.787043726679543,1.523392933788756,1.6692292259774568,-1
270.8706802532534,144.95692450791006,0.5351517719539858,-0.2168785834515645,3.251539514025106,1.4966592652682509,-1.1618834233003763,-1
256.71488025449156,124.80029998723765,0.48614361529615346,0.07627576744923777,3.0367620126019066,1.5207204596795567,-0.41627693371570285,-1
297.63903713037826,147.01826031189185,0.4939481787380321,0.6271347210964905,2.8670429863911093,1.526850630766569,0.6635315179761068,-1
269.32762822259895,120.65348947677423,0.4479803660434505,-0.01457338563193336,3.1559251330025786,1.472036024382511,-0.3843298919304221,-1
278.72927404884405,132.95436803657358,0.4770018093373102,-0.14664894916825377,3.213395320321289,1.5223799622337661,-1.0048945238954996,-1
258.27920371660485,120.01878461621176,0.46468621123635484,0.20286496684918007,2.9678091144374306,1.537241820755839,-0.38817315174931855,-1
269.197300912782,148.1202726448634,0.5502294121918159,1.2860464521603863,2.7300993795936783,1.4902333584428067,2.7862263414351727,-1
279.88023614945405,142.09069429258395,0.5076839159757909,0.6171587949812666,2.991468762472099,1.2317880926190758,0.08992894552056319,-1
240.53304324701273,120.0767470473969,0.49921102492386227,-0.04769153271839978,2.9909521314928407,1.3743847828067104,-0.41621644340114683,-1
281.7432410972986,117.47386491900006,0.4169536222465442,0.5511894539663018,2.9276372178697705,1.430910335868795,0.8175715636854339,-1
271.677559288874,136.82611277332143,0.5036342093600547,0.41991380409176854,2.9918744847948324,1.347971665625046,-0.4026091337965316,-1
293.803631105894,115.982255675825,0.39476113770024224,-0.36256432292438145,3.1358576830330427,1.3451031806599965,-0.43125622174527134,-1
256.18208244693943,123.62438493961689,0.4825645250394201,0.056958099719854154,3.1313980109190913,1.6178325430829559,-0.9339682773880447,-1
260.030669753906,111.10559033235438,0.4272787915268038,0.061181169886451524,3.0243602500376197,1.4950035978708676,-0.46564177976326926,-1
292.5346960609358,110.83698382137271,0.3788849162640354,0.7067916611947623,2.708689452723746,1.4667289852110577,1.675567267990317,-1
279.6446138273232,142.28995693752447,0.5088242358402318,0.14307260417995812,3.0918597626451767,1.3582499448475032,-1.010389312162229,-1
269.5528119027263,103.70062534665534,0.38471357287891267,0.5340501930803063,2.7361329359279525,1.5270370572443808,1.7899091356262469,-1
278.64113754274894,142.81774271096603,0.5125508170488825,0.24873385993459174,3.235783629896564,1.4482035795686012,-0.7784277265721231,-1
276.65093593708326,132.88281208531097,0.48032663123009117,-0.045519789737244784,2.957922442404776,1.4640958379010123,-0.2615754803475534,-1
264.63944785198123,143.6106095610383,0.5426651647239037,-0.027362264624795737,3.2415935110056298,1.2528452418788956,-1.0590156300201552,-1
268.4309455342915,113.96375799433858,0.4245552157464645,0.8815842407262414,2.520381503533059,1.329082517632771,2.9546312225125826,-1
274.1150923961024,126.64314762871092,0.4620072047901279,0.7060342295937276,2.7772078920281578,1.4599584337561147,1.5809110196595144,-1
277.23016932947866,157.09901976255617,0.5666736060599858,1.0243593406961626,2.762515864307622,1.5162944526468365,1.7813436809066499,-1
287.27858806724913,127.68445610422417,0.4444621402634243,0.18971694068126302,3.1068193111659017,1.4934081189149908,-0.2431356034096428,-1
262.13462903901893,143.42251180671974,0.547133022189797,0.8467581912473527,2.66319982023475,1.5119383499842658,1.970847044788255,-1
298.539996207526,145.53533976820268,0.4874902579788196,0.48413873833636645,3.137851690851769,1.3781021244221379,-0.3739504995540326,-1
275.86692996398705,167.97377303230522,0.6088941978447119,1.2264739783793739,2.5517305141743343,1.4842470694597483,3.0355322041693427,-1
249.65286212228872,108.20291150093149,0.4334134629224876,-0.27663557617643586,3.1376136143508915,1.3495039659970518,-0.6816848158789015,-1
289.1944764767058,137.17688451825097,0.47434130205215164,0.11100647546550187,3.1219170612091713,1.3555894956196497,-0.5654183443034491,-1
301.06545333665287,144.76085793231917,0.48082852525243697,-0.06695866778520139,3.117167734924641,1.4825745064177875,-0.5296179038384516,-1
313.09720837908316,178.6497810607785,0.5705888659488714,0.6907905406836649,2.8566396833791967,1.4079088023072868,0.9915853695365802,-1
287.4290265709817,136.2611480445038,0.4740688498656332,0.001628694828936709,3.2251422503837746,1.4046665852272984,-0.6164494019780431,-1
198.05999464637947,106.78349894901302,0.5391472373795958,0.004659916966315536,3.0897242517204346,1.5115256638602121,-0.5455765574447256,-1
259.935148191823,128.86955770151798,0.49577580638081614,0.329822659885946,3.0960576127551547,1.4821227516935316,-0.7411654257647742,-1
267.6856996875863,129.45738461231937,0.4836171105270397,0.13323332456562614,3.1733953203212883,1.4658882342464465,-0.8147118120543153,-1
279.4890503215523,121.53464309276603,0.43484581221675894,0.07063978450258425,3.0966912610488997,1.4571553250893288,-0.2555437091054822,-1
279.32723424448125,152.56814511242405,0.5461986029578796,0.19704410815577503,3.0970148112524405,1.2682697994998289,-0.40402878311828916,-1
260.81510907565286,131.97126938623992,0.5059954918024321,0.27508505239033854,2.93669456263237,1.4966757958307437,-0.2500794815127865,-1
324.68891773487803,126.81479103358723,0.3905732044021803,0.9246523178645468,2.6379773216579494,1.3948955062483757,2.549666235148158,-1
301.6611656876501,122.7603991606002,0.40694797051772436,-0.07371839025542125,3.040756631406302,1.5972154321248808,-0.05760964174197536,-1
263.2375525725301,91.38201299262013,0.347146568183662,-0.5487917820317061,3.011105055165041,0.8764915837456114,-0.03679700133407682,-1
265.7889494540688,111.79047177110324,0.4205986441525171,0.7980618610974859,2.7911553627984245,1.3194570670295513,1.2421327256752468,-1
237.24817629123217,140.99551584829717,0.5942954675243498,0.3305478868116018,3.1353926297234866,1.4393566550028267,-0.6796799830349705,-1
284.5413968847439,126.13397780482266,0.4432886714755055,0.1589506545652701,3.102824692361507,1.400624497271532,-0.3301186313365423,-1
252.93971856893106,109.17455526982627,0.43162282257412277,0.2940429835941113,3.1559251330025786,1.3614810194073992,-0.32243393661281905,-1
294.6019454124097,158.62880615456896,0.5384513192284132,1.0350948413659378,2.911874484794833,1.3318896820146466,0.8057542460493146,-1
302.81488627608485,135.5906897086857,0.44776758294856034,0.3964028694142728,3.022501142157966,1.43205583968194,0.3449432888078414,-1
284.61943632283817,144.97204438904507,0.5093539860173364,0.5907150338849442,2.8990333048626953,1.6389525104682352,0.7471977793265632,-1
253.1260136171461,143.52781203725297,0.5670211843747488,1.715174449550919,2.3718037332418254,1.5021184315580085,6.503220033739883,-1
284.52097711306993,131.8075523725123,0.46326128115373155,0.3661285088803854,2.9703892347521035,1.3676971636662643,-0.28052212028739154,-1
273.08246210828133,192.14203261125286,0.7036044392153812,1.0992892962312255,2.8478091144374305,1.341128255816002,1.2421555924429981,-1
256.5437044601178,118.42145008286573,0.4616034150285512,-0.13356644897735662,3.207210311338979,1.4120920506870926,-0.5983947892688515,-1
290.54914631265194,120.12094508630449,0.41342728626380354,-0.09206135929660234,2.975939855152235,1.4562846954280553,-0.004416250590238757,-1
291.98287581010396,119.84008588897963,0.41043532281297096,0.47458726682336194,3.1339425457500374,1.3732022931049128,-0.3933494953545926,-1
268.902851525218,100.98034596504883,0.3755272411292328,0.27499153035048673,2.8294154236665503,1.5746686361411164,0.741709507142847,-1
290.54038327498404,102.53073234793386,0.35289666514583246,0.0814376036139041,2.765932864221624,1.2747128066735474,0.968531451584159,-1
241.71861731097474,134.27103803162353,0.5554848837269402,0.1304063047029132,3.102683189255492,1.381341597341771,-0.959991579466049,-1
283.64085249647945,119.18513251589876,0.4201973427554061,0.32768044363190013,2.9688873721211064,1.510623642412919,0.01764470023074738,-1
276.4774566387241,122.395902397717,0.4426975851331451,-0.08188130557924936,3.203215692534584,1.4661935521114062,-0.9447279899579675,-1
281.0675016352509,105.74062992083695,0.3762108009842401,-0.07478651996111726,3.230952131492841,1.4269944676636157,-1.0515341604346151,-1
243.52019766484787,136.00421436070772,0.5584925425688414,1.1054823473824609,2.746206106791781,1.3632661246293616,1.7802794041458228,-1
283.4955850300832,107.1347165820388,0.3779061200218345,0.8368463994171992,2.892903175133559,1.275979246800436,0.8759222730578173,-1
279.5343259330323,119.49501401079051,0.4274788565301916,0.1509675068883288,3.0311553627984242,1.3004954550088188,-0.4399041997883759,-1
268.1200827307657,127.1628975266561,0.4742759148494946,0.5039839344493706,3.077167734924641,1.537937042036404,-0.43711441490289005,-1
268.5824769195414,121.81869507626361,0.4535615892497578,0.13239996935798887,3.026323864394701,1.5149518854939752,-0.1943799265038959,-1
272.3576159075305,130.05911553441598,0.47753067268209975,0.1949039890666311,3.117460690678691,1.416310275589751,-0.8487940846596942,-1
305.7492678441576,129.1507369555733,0.4224073466020605,0.26687488915429075,3.0714993569215894,1.2182929686826258,-0.4263603872452202,-1
273.8556991958383,143.74814290256126,0.5249046973448772,0.44672833508671306,3.0878091144374302,1.2401750805213478,-0.33621152349367867,-1
311.7423219996145,148.74659716932922,0.47714598459144464,0.3884495461386765,2.953786320494366,1.3849447444816598,0.15975932077016974,-1
276.229161074386,130.56118882639643,0.4726553428268838,0.21793628346413407,3.010784806544971,1.5161512770513583,0.25343932104988554,-1
284.54614684258405,130.57852575749197,0.4589010506957605,0.6249795553088211,3.026957512688446,1.451481768833931,-0.004524621602508105,-1
280.7140327127794,147.369551205724,0.5249810626906186,0.36787939494585753,2.9938717941970303,1.2543636221638503,-0.19772955877133613,-1
258.62648876815973,111.71907528727982,0.43197073826195753,-0.07200799428219569,3.185283753489789,1.3624517622626042,-0.7294951214207823,-1
276.6841785921963,132.1178362370873,0.47750412368831263,0.10684019631834697,3.156300260875822,1.3887703834698317,-0.6635936365767292,-1
263.498475331417,131.34503771087245,0.4984660254510859,-0.04660975550358404,3.1478798659904377,1.3749111699679046,-0.7796603094834849,-1
240.2443722384139,106.37126687738096,0.4427627831041144,-0.2675041221709384,3.173340441068116,1.563570381414428,-0.7778401134750683,-1
305.9296330583683,149.2434840291311,0.4878359854753166,0.5096163841589502,2.937389939125684,1.4324818319071098,0.10596409271371554,-1
274.8740711376588,144.62544049096508,0.5261516296985891,0.4540123879540882,2.8578728750598263,1.4919088143636887,0.31906422791499933,-1
279.56579678219236,128.81186177748876,0.46075687104830326,0.5615471242390377,3.0172078920281575,1.368743573326332,0.3117667047492385,-1
223.95767000885917,131.7975575163087,0.5884931626190572,0.5898182273128441,3.1859791299831026,1.4945881013944344,-0.5282746013446968,-1
236.86693667632736,131.1458884041268,0.5536690356380736,0.2808091319785867,3.1901152518935123,1.457718174589286,-0.6625316764701652,-1
315.3220909178075,149.6698429643472,0.47465701666731763,0.7186883779360417,2.7338603736308444,1.5017968672670334,1.3641234023940711,-1
280.0636099136866,134.31751597474943,0.47959646030466085,0.07518248685833563,3.200436382786232,1.425531802564359,-0.6578363298428096,-1
274.32646617180194,158.64994617035669,0.5783253376325683,0.756309819848875,2.956705983198556,1.3768418713357193,0.18810989873033446,-1
280.00913000000673,104.90951514498423,0.37466462306061843,0.3033364634869375,3.1330201924480456,1.2653825200087574,-0.7632225141107085,-1
292.25257720887834,185.46968917522807,0.6346212271129757,1.0876496299443563,2.9215419333359276,1.6066443996306627,0.9825431219671295,-1
268.51214682652386,155.32642811044826,0.57847076918572,0.8971845204908473,2.579146704512521,1.2956414315628841,2.107889821130775,-1
299.21294319084217,147.4051975349817,0.49264311885386797,0.17192025587865284,3.094177320667444,1.1799237615921543,-0.21129722467352963,-1
267.9298506887379,145.46157195978793,0.5429091666563686,1.077155692968098,2.4006313214741084,1.5285586436825853,4.15640029371342,-1
264.2054827475851,133.67251065269966,0.5059414712464798,0.6599747581114219,2.942124864134545,1.4762548937513318,0.33637843452307425,-1
284.40257825430683,141.6840607049851,0.4981813511489835,0.44148519702912586,3.0343335459231153,1.5919004548574733,-0.02804928000634055,-1
286.3714212648559,120.77597176293631,0.4217458963938808,0.12164429078071605,2.9645692031131703,1.4947983561430191,-0.04578038437673859,-1
294.64194659917007,138.59113107137665,0.47037135299650856,2.62634650282393,2.1769526731911273,1.5292095245315824,12.587337917994995,-1
277.8865872332549,203.89666321530282,0.7337405710918831,2.4958540105177263,2.2031437889720054,1.3161192811240006,8.592490266081187,-1
302.79968265400424,139.20476548845508,0.4597255990110075,0.2816154585034637,3.0644984515601634,1.5814400711671472,-0.4316372301915914,-1
270.95932096243195,130.45405149634067,0.4814525332916224,0.18563196937649637,2.777149395110323,1.4274971914631303,0.19295000649781935,-1
282.63489459842884,123.4475906940031,0.436774060999789,0.17842975834460387,3.0819719404623442,1.4723300598833762,-0.45149651852907624,-1
255.47590271023196,139.46908276629435,0.5459187394455913,0.9134335170126849,2.798439073384034,1.3959375723809933,1.9679173816454583,-1
258.36312832100833,155.88677147559883,0.6033630746331352,0.5180255162052633,3.068438191111385,1.3980827728459737,-0.5819944104264754,-1
246.10259629138275,118.07466445295661,0.4797782153958161,0.6856366236949051,2.881999233328364,1.5124445927261263,0.3809132554870005,-1
309.38197994831967,149.41273310252336,0.48293935260056786,1.0368482382939308,2.7330750717012187,1.5213830908879171,2.6763854437960255,-1
287.6796817298987,145.3599685964282,0.5052840983497267,0.32399564737616093,3.0336693031798796,1.401525824705612,-0.1354126888666234,-1
317.00118332239686,136.30219831204178,0.4299737839572024,0.0904399923356858,2.920294879680217,1.4881265756748736,-0.20713144656329519,-1
249.56352496504175,123.00691750238049,0.49288820359309715,-0.03787121450053952,3.188117942491315,1.2918082874564156,-0.6842527997895171,-1
283.88829511710065,125.14261813221343,0.4408164066101899,0.39491331040791317,3.0498064238396276,1.293282956693315,-0.5502878683222092,-1
269.9288711681645,155.98543997206218,0.5778760874930046,1.9690958856906662,2.298395614697047,1.2749264512736924,7.776944426936868,-1
292.9286708320317,152.28273553040717,0.519862856366585,0.32563889098227566,2.916678690332536,1.387536056297415,0.14322445307865195,-1
245.8482676336718,153.00866514070307,0.6223703205779545,1.2483976015090352,2.6316364082939554,1.3654910263576139,3.316417056006925,-1
302.28311461672666,164.39629820135121,0.5438487637981166,0.9794784230826574,2.7649749254359044,1.2707427211877345,2.097075374111613,-1
275.0147177414215,101.11289088321243,0.367663562567158,0.45495040769506473,3.0110217328956703,1.4778957460280713,-0.045009201418181544,-1
307.65436674743063,138.67671906939597,0.4507549186949875,0.7513394931858237,2.6639851221643758,1.384001220059236,1.555383134286183,-1
240.05719865670392,122.74973290980728,0.5113353550598859,0.30251849795516506,2.8950723811034162,1.4357144379263778,0.12650590122824212,-1
243.2808096837182,131.20352474950903,0.5393089776381567,0.22103503997356208,2.822362940635422,1.5627067286277163,-0.40894241507691786,-1
242.72197047530872,132.06032716721924,0.5440806487711556,0.34991103366082554,3.1199197518069735,1.2349956655769447,-0.2574214329919564,-1
323.3451956456527,152.55494198010936,0.4718020989162652,-0.11281615130455415,3.122808820061673,1.4706145573133282,-0.5117284287868662,-1
295.8930769517533,164.78919485996823,0.5569214276913882,0.6909207469363802,2.970561131319763,1.4452811482486316,0.516364415368674,-1
287.85732642097713,139.47848561104252,0.48454033581574407,0.5376567665971711,3.0452678811899547,1.3948375897033376,-0.11020282089940991,-1
271.05298101822626,107.44346232361725,0.39639284511832207,-0.17193354969767152,2.8887314677394227,1.2867091538665287,0.15161909798343487,-1
260.32660523257795,142.433933907385,0.5471355253149534,0.2730160237471651,3.2130201924480457,1.5691870568656585,-0.6269488506841987,-1
261.93351139733824,127.50730698472535,0.48679264560121144,-0.06834290566831348,2.9907140549919635,1.4779012018594209,-0.36547023492354924,-1
268.2833559438926,139.19198385422342,0.5188245217990091,0.18665067309162334,3.262824692361507,1.578595230917055,-0.8084650212034901,-1
290.32438839694004,125.09111952523882,0.43086672881993837,0.09045386968671788,3.130561131319763,1.437163459021059,-0.6548705103937165,-1
235.82738506795297,139.56965634171942,0.5918297245313678,2.156299615130986,2.227359617346518,1.4280918710829453,9.067134063071995,-1
300.18717641175795,114.96945174322443,0.38299254857417425,0.37583651167323384,2.7363149830254785,1.347772688096841,0.756351214854937,-1
309.6859403785469,185.2104777754318,0.598059045073336,2.483391954382959,2.293129950954392,1.4581572800609937,8.570285828757756,-1
284.5427500915329,108.22597052241161,0.38035047629081054,0.019883202830078994,2.911468762472099,1.3525705258171044,-0.22096352824566612,-1
261.41169082434743,121.49312965095604,0.46475782803681853,0.13615920774123752,3.054779425349366,1.4689614520748258,-0.14889883486960587,-1
252.41329782423315,116.60239353592365,0.4619502797238488,0.16558309725744988,3.031468762472099,1.44211052162567,-0.47671551974798865,-1
275.20102086449873,137.7366921592227,0.5004948445559743,0.43564236600981554,2.6714687624720987,1.2627627870852387,1.850615324935717,-1
269.94372717507883,117.38674955800923,0.4348563709423597,0.9383583741073349,2.693075071701219,1.4508199197136862,1.4404570029112627,-1
268.2360661100492,140.95809256348514,0.5255001484612225,0.5492805837857732,2.957167734924641,1.422301629660503,0.34144931620529073,-1
321.9054613104375,141.48758206371807,0.4395314745134784,-0.4271960696800661,2.9710228830458476,1.2647645707737085,-0.035183919387545615,-1
291.62626583141974,136.54435050822866,0.46821691495772466,0.5490735097640683,2.7301511582512266,1.4706194687116694,1.4341249417793085,-1
245.8662743083613,110.94825257375922,0.4512544588958541,0.250833573860695,3.1283674395583776,1.6076274746027686,-0.25821576844481253,-1
298.7206067890286,167.5640109880729,0.560938908062727,1.2655732031107996,2.767809114437431,1.5980313541483795,2.0748878157423336,-1
258.20824463877995,135.3097924088027,0.5240335861393355,0.6619191806860804,2.895909260702745,1.3976905022989492,0.5983447446019654,-1
260.75984007553484,129.2048238857911,0.49549356928721866,-0.08330598630800194,3.1811476315793796,1.371869754354208,-1.2110860050203809,-1
250.65555620139025,124.94165765143521,0.4984595575892613,0.7386297880400432,2.982124864134545,1.4735734790874615,0.491723255442293,-1
273.6524695869771,130.854046297246,0.47817601096289625,0.13568344287550585,3.049806423839628,1.338453705361278,-0.3890721649253326,-1
290.20709600362164,110.62110068801984,0.3811798615931822,-0.06723613056409838,3.087351814444994,1.5295748358268084,-0.604453855434643,-1
281.2175751847076,148.3782932911599,0.5276280943454654,1.4307060449886262,2.4044521857986845,1.5444912173475953,5.059467277017184,-1
310.16290033708657,117.90682383088719,0.38014483261133253,0.12517169608633275,3.1174606906786915,1.5779977999070611,-0.3402708432812065,-1
284.7838103226621,118.41705481215322,0.415813857810196,-0.2347918356605496,2.945283753489789,1.4189685067171407,-0.13218693513204416,-1
257.25336944686774,123.4766706328856,0.47998077109107823,0.050091316080023776,3.1403929240992436,1.4206940430791999,-0.953968312162111,-1
275.9258567883868,153.87002217870784,0.5576498845366055,0.17698632729824426,3.1497917016899715,1.4050388827702767,-0.8698378286610975,-1
287.4360809773961,135.433696470026,0.4711784825673172,0.09357005701124187,3.076762012601907,1.4700831874388762,-0.34127764851481324,-1
277.5651222509811,127.88491428016191,0.4607384142613036,0.47344457795716793,2.8186885704510973,1.175036407019807,0.6722884101212556,-1
266.9845257048048,114.1118373092399,0.4274099295005931,-0.11576492961896834,2.8890804528968235,1.6376846405535148,0.5164072014970533,-1
289.2396528843777,125.18284447887017,0.43279973278391215,0.08757722227086918,3.0794580000808884,1.3492265380477355,0.06768031643098782,-1
274.51362454986,126.01037832213414,0.45903141794423696,-0.0020363089800361106,3.152629192274968,1.4041588314736635,-0.483002020028815,-1
365.5811582954222,184.6214199486942,0.5050080283390963,0.639627143516049,2.78765619076523,1.289374233253174,1.616770561808245,-1
266.3858777868043,117.63593206156762,0.4415997313330355,0.23624415800015922,3.1624336921884293,1.3752411148099892,-0.5114645123246406,-1
286.3312283085871,156.41397139805738,0.5462693410077007,0.4698970628833976,3.1416642625586375,1.3335266101139824,-0.5497043229568668,-1
284.7950623183381,146.27154855620768,0.5136028250121426,1.021467566792443,2.7199197518069735,1.5529766160539817,2.551426781603249,-1
266.53935017182135,125.0679299659654,0.46922876447827266,0.1389310764547782,2.929342204599059,1.530650664506832,-0.09020958551897529,-1
285.2100887594658,147.4840240640492,0.5171066167593777,0.656742039532482,2.8049749254359053,1.3558550615916876,0.4508780779971966,-1
287.1646540658263,179.15937201750063,0.6238907521551458,0.5350266256447261,3.1701860034465197,1.5594214349967268,-0.46763590212767303,-1
260.4250071402804,118.12514946695899,0.45358604676289693,0.0151628993221035,3.114571622423992,1.2959092392151126,-0.7928746320600788,-1
292.6404079773112,138.25075837986583,0.47242538833046116,-0.051605661673291746,3.185197129636948,1.3104220442713923,-0.6464871898198057,-1
305.643258540026,141.77377052932073,0.46385374637914517,0.8733018475862169,2.744067294283569,1.493649624533771,2.245041211167784,-1
291.12215270456323,111.00563638815117,0.3813026090831431,0.45501989092515205,2.8297950032734422,1.518411710608053,0.7536053867516666,-1
254.25026472416772,129.94699638947404,0.5110987653462291,0.3317552306471654,2.9616241054551207,1.440738780272786,0.15940792033326545,-1
269.85042034273204,133.21973135026957,0.49367991045212994,0.5833491983260675,2.9248061294638705,1.3310790891372006,0.4772819406311113,-1
271.8400223099634,127.76714583519531,0.47000859089655994,0.09174026818955097,3.1615935110056297,1.3650411893628596,-0.4397945488044037,-1
261.67221630730415,114.92051422932757,0.43917736415075315,0.10497663775316333,2.9878798659904375,1.286156233545427,0.23225994938799044,-1
289.52540514772403,147.43748159077444,0.5092384950313693,-0.02349138939953085,3.1829068644806995,1.5185284281407705,-0.6972101691609773,-1
307.82109800890527,136.02355280855102,0.44189158471722384,1.0812005171155947,2.637222614177814,1.5385789161534265,2.524690956908291,-1
259.55339378557716,121.8667791286881,0.4695248917814766,0.4791091964335606,3.0913980109190913,1.4279925141031922,-0.09636346828970632,-1
270.3929636587724,145.15567835215134,0.5368323065363985,0.39572703761640016,3.029009701343816,1.4783217546844454,-0.1604180929314878,-1
269.027154578824,120.20823849502227,0.4468256696362659,0.13127919194403093,3.2334111926211233,1.4395892317693872,-0.7207467298048709,-1
313.226618870592,101.7422703333432,0.3248199999738129,0.1695495285820377,3.1285638219175658,1.63238616181746,-0.6390846182437664,-1
311.5280768495329,166.35584589097894,0.5339995276616056,-0.033809087278503056,3.231468762472099,1.37548923803103,-1.1748732719796715,-1
251.11975940974284,115.32302767516858,0.45923517904857597,-0.15890030451774556,3.2080471909383075,1.609647467225212,-0.6563659203005248,-1
316.98994945915695,162.079733190568,0.5113087448580177,0.2717575995218051,3.087726942318237,1.3393161245392822,-0.31766524577870925,-1
287.402811864028,125.57265972000663,0.4369221682473162,-0.6689369374932126,2.9881179424913147,1.459691211208484,-0.17961474958732326,-1
255.65364301756279,114.18288847699048,0.44663118087914905,1.237352956250162,2.6324876891689533,1.5174995472449633,3.504766017978473,-1
244.6117690223382,149.95034406670737,0.6130136120025106,0.6242208911548796,2.962775125016557,1.4598844745259842,-0.12274847053449323,-1
271.65298058930375,113.38267464621138,0.4173805654561472,-0.1851119162421596,3.1783683218310266,1.4704997386676881,-0.5398340756095372,-1
313.5342722005114,183.76251108392287,0.5861002364883514,2.277876101639808,2.2111534705004194,1.338934467741316,10.299936873064043,-1
303.72103954882004,150.3796990993068,0.49512440535136126,0.12399902824030763,2.981987812762179,1.4608476548368576,-0.32323669848597447,-1
279.9441417277367,133.4024479600256,0.4765323794122039,0.03655509533573042,2.970784806544971,1.6040282126427574,-0.08180181341885984,-1
228.29660705854184,128.90089513350088,0.5646202840870385,0.8545983974488561,2.5811509331628506,1.585436195550756,2.197934249596198,-1
294.0604471356239,156.83232744541212,0.5333336359006464,1.3534651635526687,2.635463381276494,1.5364826498537003,2.8086377097344775,-1
278.27684716745046,135.0460796514831,0.4852939834057427,-0.32947805337034214,3.0921833128487175,1.5647406629017802,-0.9332080591019816,-1
270.4987914836427,149.30943502846424,0.5519781963147629,0.30145140612489224,3.1819845111787077,1.4822237752987368,-0.5771200182903176,-1
254.99426749335984,141.35890689386463,0.5543611167554803,0.3208785908831777,3.1148501769023733,1.4091869581123166,-0.5305430716714237,-1
259.6161892450663,136.94803017832933,0.5275018887556985,0.7185617336211665,2.8893491238471913,1.379409980912841,0.9759354028384433,-1
266.1141938975082,160.04237648387013,0.6014048861501511,1.607381269460667,2.4770507176101546,1.5215664480470865,4.900109913053397,-1
287.26197709630736,113.10609625996494,0.39373848708854714,-0.21962680347847832,3.168563821917566,1.4722435994816703,-0.6301873191437806,-1
249.55711746128728,129.92112791382962,0.5206067822689278,0.5854541765363394,2.7319146418983498,1.4489281316089295,0.9026591735502785,-1
278.8777314521618,126.38249650539007,0.45318246045424926,0.9072370620677302,2.7057443550656965,1.5419276022930324,2.1352457566528935,-1
288.65547185335134,131.71788819647043,0.45631523057837076,0.17297464294623568,3.023981820580905,1.4405233534703674,-0.6053156929204908,-1
278.67385783958935,158.84302412843866,0.5699961430177355,1.185768468479158,2.749998234579026,1.3305607790218184,2.8209033765157425,-1
256.108985348095,142.30375697408215,0.5556375024510268,0.3522101121371169,2.9207566314063023,1.2907678608076623,0.36080265265724965,-1
288.722853575467,130.64056528548798,0.4524773971567196,0.6272215011102077,2.985979129983103,1.4254544965610902,-0.0032774860292339447,-1
276.225119784232,132.89654964034438,0.48111681422802527,0.6997894173387424,2.7440063063724334,1.5582590316956233,1.2364312850067627,-1
253.64504457362793,120.86368391011969,0.47650717605498283,0.5923043691998222,2.8641782029400935,1.5243598532662561,1.0249048454721752,-1
290.983842184244,158.8160450409229,0.5457899100128191,0.7030045493045307,3.040756631406302,1.3442322877868322,0.25301102096600747,-1
271.0253533127002,121.49839147865166,0.44829160812298907,1.410340871749863,2.470573385954936,1.4709990683304481,3.964410577223102,-1
265.7151996877801,126.79020426980507,0.4771657941238805,0.2567018954529088,3.077780939298761,1.439223313332698,-0.25270330921488826,-1
266.4899834844188,133.70224031117158,0.5017158189699423,0.5130563997706783,2.8608273829593096,1.5917896662044584,0.6832778709767782,-1
291.22643876772696,169.27037265671416,0.5812328488201542,0.6503816221662441,2.9037470456634993,1.4024749716708853,0.4796886346980669,-1
255.53486229755816,118.03799922034808,0.46192522679311937,0.18382725604794514,3.190490379766756,1.4967653800149434,-0.6154122005965923,-1
297.6664049399704,118.1898793800717,0.39705481511730134,0.39759929111458586,2.9052837534897886,1.5828237322003584,0.44980252884330163,-1
297.2832719999227,146.19696370233206,0.4917766234165038,0.2773394938376038,2.960240000427044,1.446835697587418,-0.1790337151175554,-1
266.7558129368585,126.30862871785453,0.4734990676576258,0.6176356110632891,2.881624105455121,1.4537550682802856,0.9175818510278,-1
267.13008886430737,132.12415044222146,0.49460602137311405,0.44664038789946825,2.7701860034465198,1.50353997104235,0.8860941237875455,-1
273.9718744625788,150.69860325528418,0.5500513640346968,1.0882037166595953,2.559217456065528,1.3049599931251037,3.2917278698169454,-1
258.9358116321551,106.15147832546693,0.4099528669146236,0.1729356341364203,2.9358543814495714,1.4102876400890452,0.1542807334058498,-1
256.5752537103356,118.69125907239648,0.4625982332902406,-0.015408607003795234,3.0637164512140083,1.4818486046581538,-0.19366356919441907,-1
309.62004293474035,153.62942289371685,0.49618694396375956,0.5594335419881261,3.0813038568350506,1.6201716601352405,-0.2927974124723409,-1
299.1764832038089,116.29597104615952,0.3887202957958927,0.27617035687100044,3.072852867500176,1.483640757700369,-0.6265972569196281,-1
268.8556261138807,89.01098751517712,0.331073553496977,0.020529619909844213,2.8411013658179005,1.4522304176832306,-0.021642564357694294,-1
255.1367218253525,114.09708340863368,0.44719977035189784,0.0033402759514111176,3.2074033921146965,1.1828545752076127,-0.6138181847097357,-1
254.94940112148834,128.98959987770388,0.5059419606804169,-0.174917011550815,3.2290097013438164,1.475343386546148,-0.9996148880529283,-1
266.42832025239846,123.22465478694971,0.46250584273553935,-0.15129815620918197,3.1240525721339125,1.530553406194015,-0.5331779314725598,-1
333.37524889741616,125.26910019087441,0.37576004998925794,-0.0172607880376481,3.1252678811899552,1.4035814198044165,-0.8568625601503639,-1
302.26387303124835,140.95360576550493,0.46632634046521665,0.7195577235592824,2.8262028052083106,1.3472635891725466,0.7589219464437185,-1
286.03945001835154,125.79803353479355,0.43979260037985207,0.350833701589669,3.0251971296369478,1.5245872737131374,-0.19912548878592728,-1
299.7400813297414,156.43598072613165,0.5219054456518875,0.1889710163099633,3.0865665125153687,1.3796729574011228,-0.933035488479971,-1
283.94109588691816,147.2458554883117,0.5185788799904947,0.22277087604723056,3.1388300735571115,1.3929019984546467,-0.7330285661338287,-1
277.04884761087743,162.7978624985429,0.5876142922175114,1.1604993987170116,2.647748126526295,1.5055063676252647,1.9966655076174789,-1
248.2659880750144,132.47732594595792,0.5336104513274265,0.43925120853419897,3.0498624532429788,1.515637313673962,-0.2771188369356814,-1
278.69049774213295,132.64651103458834,0.47596352265057723,0.056048377292483284,3.2206858798532947,1.5688011835786817,-0.8412999665650958,-1
262.6148003199962,122.50364882711794,0.46647656064261117,0.33399716940275226,2.996623811079363,1.430646292343355,0.1052146525162585,-1
261.35056779018527,117.89017909193662,0.4510806312331411,0.08921034408986887,2.9949467502972356,1.3699178438783217,0.01689666344942875,-1
314.37219788187184,141.5233067973883,0.4501775530753739,0.13603014374986633,3.1278091144374307,1.643062365313936,-0.6229508173515286,-1
272.43700239013947,151.69767370782844,0.5568174380754344,1.6732071488644558,2.3902219098042337,1.462367711932306,6.2174946722331725,-1
287.8077614772441,138.56554824275733,0.48145174241144706,1.6344938933297128,2.463940126439216,1.345501009818659,6.380882968764164,-1
274.25743557924915,106.05982804291702,0.38671632664730465,0.24600175700911517,3.0558543814495716,1.389198340132378,-0.624421310163501,-1
267.0590644460918,118.95221276432267,0.44541537285409843,0.06848975096643588,3.134779425349366,1.362996646837062,-0.5639426090880475,-1
302.9873663369919,131.58250564552043,0.4342838027747015,0.0920050145395485,2.9549467502972355,1.3496998726748541,-0.17842905625262429,-1
247.1825128156971,123.12625020073428,0.498118773849261,0.06134679820968104,3.25966695315644,1.48763829790869,-0.9906121656785154,-1
259.73244101879175,96.0914290973651,0.36996313868398456,0.7014499820875727,3.1248894517332406,1.4198496797728972,-0.5495889067989044,-1
297.4452369812974,144.60434047747844,0.48615450005195676,0.31831448153897973,3.0616642625586374,1.467521528680195,-0.06944668280468314,-1
283.52072215725786,110.38904328509616,0.3893508821689149,0.11260345760296822,3.1982426910248463,1.5571561947702783,-0.6977262285350445,-1
237.15171178616865,114.8797872533435,0.48441475032204934,-0.15433022598126062,3.1494714530699013,1.5870072223245073,-0.6449168213902734,-1
282.0332551653977,120.23818364331605,0.426326262740905,-0.29966387869756184,3.1048768810168776,1.3489379668524824,-0.2213217963090499,-1
254.4981206250469,124.40119922020502,0.4888098934274088,0.45196674541413717,3.1338570720473737,1.2617605419984883,-0.5270141630760681,-1
282.0323467012876,135.24715578726662,0.47954483721157204,0.674744318933598,2.9012025108325528,1.5251813603216406,1.0165910106526521,-1
291.12008644069857,140.40271380707023,0.4822845291222129,0.13984610251371155,3.1627539408084995,1.3646585406737486,-0.4942536972345244,-1
270.9375461834615,146.43702513547632,0.5404825842643403,1.083803808344341,2.809228804949234,1.5669608274535236,1.1898949690199894,-1
300.44005182888105,146.42444710041946,0.4873666017865591,1.89611987161631,2.396699874540594,1.5172908452435578,7.586016788670589,-1
253.57400680124886,133.02795913391282,0.524611969546942,0.12416466869164032,3.011859762645176,1.5440888743457504,-0.24770133438267772,-1
266.0994706686951,127.36366795248736,0.47863179747193263,0.3194479963777921,3.0330043201482115,1.5161493295981823,-0.12327844032432766,-1
283.1789732427901,138.43730295672327,0.48886858148903173,-0.16833255535011188,3.122378812935256,1.2491446543483702,-0.7776697553948444,-1
282.6738716074893,118.9032851254385,0.42063769265007733,0.368037387260961,2.548517556156087,1.467460567242502,1.6021766037016292,-1
333.9097170973912,142.2125950948978,0.42590133743672626,0.49979111507749063,2.7772392267660817,1.479844569415928,1.2920112763381777,-1
253.96932611573655,122.76606172154615,0.4833893273615269,0.1624218631363656,3.004052572133913,1.407567905150815,-0.6702422549310145,-1
298.8427831983901,176.3405284237316,0.5900779216965931,1.6178388229388527,2.5493605444133776,1.293974960143331,4.382275757262699,-1
262.06210064265053,124.05615830573117,0.4733845832782013,0.09759586337993174,2.9840400014175494,1.550440006255583,0.08133463122877904,-1
285.47185304097513,139.0459486174342,0.48707410953568253,0.4640794527211484,2.90620280520831,1.2562677006852416,0.38493214640592077,-1
264.6191005384015,157.7377045599916,0.596093419708003,2.684895039801331,2.135984968904143,1.3895670194817442,12.043873799524,-1
321.08698830445735,169.66373683691728,0.5284042736606963,0.6999435407071993,2.7999197518069736,1.1055725655239637,0.7808198532574533,-1
271.01548472013604,158.35441362618985,0.5843002431750881,0.911274185470786,2.809806423839628,1.4560575070143844,1.6389512922468494,-1
276.72364015134025,133.1791857924732,0.48127144366718166,0.3896005526287915,2.9378372895760996,1.5129309918009184,0.37404815971363314,-1
278.55562944528066,121.47218544466692,0.4360787311553108,0.29451025464704356,3.1577809392987612,1.4495941053206791,-0.283285961347191,-1
254.7997017848142,104.45624708621708,0.4099543537709217,0.1606226837026544,2.951874484794833,1.3992907153305423,0.5352688035233095,-1
299.18118803172524,136.55940210520652,0.45644381253919525,0.6590487389402546,2.9675854392122223,1.50670033020943,0.1819593005530864,-1
223.18490985941483,157.4628709936528,0.7055265120425901,1.1448182755590082,2.7370004099767713,1.3087015417231147,1.7724259858438085,-1
247.96768831027987,117.6906795893219,0.47462102982569465,0.051364037105610216,3.2178516908517687,1.4753823490486926,-0.6744564011934542,-1
279.3331839895102,131.39668134076408,0.47039409877524047,0.5897628866785329,2.6423439677399627,1.4667860559222254,1.7679173882707646,-1
275.1252968603822,149.68229499747724,0.5440513711592159,0.40517787440521047,2.8383830439806834,1.518709695020461,0.7807604954323848,-1
299.246809501823,129.2905246551668,0.43205314325792055,0.3678107038589586,3.0561991158611694,1.4548648854361268,0.2110471199195869,-1
246.05242262620305,158.8638365871417,0.6456503654446184,0.3842632606683075,2.977613614350892,1.4341439512013994,-0.497423681267529,-1
285.7431973427717,131.66361476842823,0.46077602544107904,-0.10200277677388206,3.1089548220906433,1.333637226388038,-0.4113603411311493,-1
261.878881123473,139.06318599506614,0.53102100252788,0.5237620065142882,2.992167440548883,1.2927866326197115,0.5413622018510322,-1
282.7253050079814,137.52547322063342,0.48642788878325216,0.08155380622958988,3.009724251720435,1.4789864684185277,-0.2804037754089106,-1
278.5527929139936,136.8325453838617,0.4912266143607124,0.6323074014731083,3.1191377514608183,1.397444140773084,0.1450664606741663,-1
255.04686569843577,130.726447799047,0.5125585348444012,0.389196459830044,3.1068193111659017,1.31906382014263,-0.2552998125846817,-1
302.5317846329635,142.4011752362217,0.47069822897777547,0.3339863743174223,3.094555750124158,1.392276464054484,-0.4974050520066857,-1
221.79790412092873,92.69549334737582,0.4179277244064324,0.3660015221860925,3.076300260875822,1.6334754790867834,-0.10966439730440358,-1
293.3302211984056,133.02080235718012,0.4534848193061096,0.23984660726256488,3.171721561122632,1.3961341648656016,-0.434962215005803,-1
231.80965495456041,100.16920086552278,0.4321183295197867,0.3442738524947582,2.8415968125891014,1.554693011424747,0.3704215659361485,-1
292.4294388165922,138.07286518833143,0.4721578844697947,0.3707128554481129,3.046890062718909,1.573237061212685,-0.460188358381838,-1
282.4545137112741,144.72906601101758,0.5123977808298015,0.4676623412650669,2.863489675393175,1.3793059386441622,0.68381493470811,-1
234.70633615681996,139.94988460806053,0.5962765509430153,0.6616475374306833,3.0256588813630323,1.451731943614135,0.017370287799534534,-1
263.8509620453384,161.39495374227192,0.6116898437328376,0.9424504338531163,2.7269722348381027,1.3728929962885121,1.6386205539834542,-1
314.9800597576711,130.69418768872853,0.41492844908746823,0.05591737426794076,2.969080452896824,1.5648938243313373,-0.14317612310815164,-1
267.88672966160624,122.56491663848978,0.4575251517434754,0.0016575577147058833,3.0665812346650245,1.5538749225722766,-0.17882207165201436,-1
315.08699926770606,136.90389459167056,0.4344955358673922,0.296973082633783,3.09226548496791,1.1572038776093165,-0.05345696077907025,-1
251.980253516768,109.5713955580244,0.43484119897805007,-0.4967281515322085,3.1550016295504095,1.4139285113570104,-0.3444139307075922,-1
256.8034759693971,101.1970641201339,0.394064230393024,0.299550639424039,2.956762012601907,1.2370444203869548,-0.2718783383799468,-1
266.24913883005297,136.64701379928928,0.5132298808542295,0.2234722300495485,2.980392924099244,1.2783890203696295,-0.5149052477395046,-1
288.01895018535555,108.41145174826752,0.37640388480861753,-0.03401308540773851,3.000811510659475,1.3578791010029765,0.02896142644843236,-1
275.3719642993317,144.4032267136338,0.5243933494866103,1.6838396230543053,2.4778875972094827,1.2857639315130949,6.921482986618528,-1
284.19218673857375,138.0340069697671,0.4857065514497889,0.1821266936747099,3.175017501850243,1.3128661991094408,-0.595899952364181,-1
248.98406722984123,114.1502007335626,0.4584638768399132,0.49602179338726715,2.8658621126686166,1.3401928590240817,1.1930941525969159,-1
301.1170941336601,120.45156599051877,0.4000157026523796,0.1425388513588229,3.0835908204078275,1.337778932524797,-0.4522091105100823,-1
299.16603885117036,117.92766340569398,0.39418800295163464,0.22128429263162827,3.086972234838102,1.4776003458245572,-0.1973423766677347,-1
263.92846146348563,131.70049718168156,0.49900073850088444,0.5403384689572874,3.0796816753060963,1.441732868464843,-0.4351262245640046,-1
259.28415838554537,113.94793835866489,0.43947126993091795,0.5228364042752974,2.875783629896564,1.6183880564227864,1.0973092362887993,-1
254.78144209782494,109.07015722651624,0.4280930209376791,0.24369572096165915,2.729917332496152,1.3539136659202549,1.5278587660753882,-1
283.0637237792638,113.13165649585397,0.3996685092155266,-0.4881037200108891,3.019849000253967,1.4938229192271875,-0.5168505085326212,-1
269.77102842030513,105.58744287062031,0.3913965242632146,0.4033061528672994,3.052096688995876,1.3917571274732967,-0.4906500345428375,-1
258.5573415823985,151.50745115222884,0.5859723426338895,1.8672285977509404,2.2772983223792123,1.4958313493094728,6.438608824749712,-1
255.43478111727092,90.02948698498531,0.35245586599912754,-0.2597898203059502,3.186175512342291,1.4052990637041762,-0.6729401444992584,-1
287.7020733165569,117.93166111331998,0.409908971992567,0.5210102341623616,3.055392629723486,1.5958979944650888,-0.21766699862117056,-1
254.9998993988008,144.0112319537972,0.5647501520327048,-0.1370040982689517,3.162110141984888,1.3433633562637675,-1.0388192867696218,-1
283.56958271205616,117.25735990831352,0.41350471650331994,-0.026707737717216344,3.073927823600381,1.4276394514474595,-0.24880021539454855,-1
277.565055346252,164.36186933467533,0.592156203271482,2.006604201332447,2.4256588813630326,1.4254465831919387,7.979023007274915,-1
284.5490586499036,123.06248643045667,0.4324824935789622,0.19810261458020137,3.0526966422445043,1.3841041357449904,-0.10594419616086848,-1
273.784529928003,123.42656006984076,0.45081641428863123,0.14989935972930918,3.051539514025106,1.2292497250415262,-0.2899301053300274,-1
265.1589373462411,139.01613629622568,0.5242747526729609,1.5587303176834448,2.4253386327429625,1.3527589661863284,6.34433137880886,-1
302.29120948231224,123.36754595118524,0.4081082812909376,0.3751706373353118,2.9109521314928406,1.4905356614610843,0.5944325222663167,-1
277.65704986472275,132.06535539782692,0.4756420031912406,-0.15958511675492926,3.117460690678691,1.493658103377558,-0.3240526641331276,-1
266.7368374046393,126.01772864941115,0.47244216387795923,0.17153362111841655,3.1406310006001217,1.5234672683103374,-0.3898801355023971,-1
310.51721132425047,129.7450784854911,0.417835384815458,-0.10400272008582581,3.0513980109190917,1.7088325374017364,-0.3450916459211588,-1
260.22053685186154,139.21543201853612,0.534990180647382,0.3239149832938047,2.910080406698219,1.47776811019923,-0.42958420713399237,-1
266.35861688065665,112.65518551749764,0.4229455267368856,0.44479543611245675,2.906581234665025,1.4616107412791208,0.5575758182441799,-1
284.2476669905457,129.19684497781188,0.4545220945722276,-0.2338227647251649,2.919165044326838,1.5019166394921477,-0.4959446831923726,-1
276.2726457414161,129.3391729974685,0.46815772386864,1.271478336621828,2.4875550457505775,1.3726434120346873,3.1878965472134837,-1
268.8877080632322,121.91195939892852,0.45339357561952753,0.3825667318341951,2.996929658423764,1.392883472024566,0.19659973283285126,-1
291.0102342166704,145.9359625144218,0.501480516337325,1.6963242818285842,2.17142249671062,1.235993151665516,7.033740068491747,-1
302.98822021560534,189.01029392841568,0.6238206019822046,1.507938296846743,2.555463381276494,1.3813117591256852,4.627268661998268,-1
280.0893957013703,146.23090022732353,0.5220865283426656,0.370984321665736,3.120759932989773,1.368081649192167,-0.46462997056531696,-1
270.5523324300823,148.73219681933688,0.5497354078726086,0.4705617588445203,2.9959251330025785,1.4568537325540798,0.03995453249255698,-1
251.1273165987542,144.63053076469646,0.5759251232544487,0.17366397300777914,2.9363710124288294,1.4871924123234093,-0.6534458541695747,-1
291.1721184112766,151.9905084770624,0.5219954070683991,0.4232897681836889,2.9884930703645587,1.4590416907858392,-0.27465602556374424,-1
264.6485540137993,123.37184168852457,0.46617236261979245,1.4035803828930982,2.520112832582691,1.4477204226975267,5.336302872236114,-1
270.4724609001034,139.44059865431328,0.5155445334074674,0.371323100722258,3.0167767347515633,1.5222000268711477,-0.4103115081397619,-1
282.39396915260784,109.47699998359553,0.38767470959846645,0.20354125171476176,2.9702681755657125,1.3883245073393027,0.22255893897774204,-1
300.41651963618324,124.63882115554794,0.4148867089815523,-0.24334162478618887,3.128102070191481,1.4473924853910705,-0.5578668756100398,-1
238.67077331170583,134.63004076096317,0.5640826436051947,0.6349842072835947,2.6518037332418256,1.5253627929010307,1.4415167834650155,-1
257.739201076494,140.42554674513013,0.5448358113884797,0.2729063881339928,3.1012025108325525,1.4135253209411638,-0.5978497458542824,-1
285.0858980774463,110.86529865707797,0.3888838395891485,-0.0500115959512707,3.097851690851769,1.556708846270848,-0.41643996555824625,-1
307.59945515964125,144.73022104696574,0.4705152061204143,0.09051457015615033,3.196762012601907,1.4117164257875843,-0.5293771066999104,-1
231.04915731514785,119.83204008371904,0.5186430518777863,0.4956607367106927,3.0474033921146964,1.3705015260613178,0.04317210735501886,-1
312.7615106789453,156.39220493676322,0.5000366080764405,1.0897771850423896,2.5370599250043484,1.543670686140148,2.9043164010644302,-1
257.700896098803,165.81046090513473,0.6434221355658876,0.14131903010258837,3.1645692031131705,1.4667084882843422,-1.0397532537005694,-1
275.266620900437,139.59743702354837,0.5071353604985048,0.39168481348983436,3.0832705717877578,1.443973358974503,-0.1161077397792063,-1
245.25150335887002,112.89330042878093,0.4603164461079252,0.38816469308088897,3.068117942491315,1.4070470842527272,-0.22961727725945158,-1
246.98008811679443,125.02777450531012,0.5062261312587504,0.2344673239873719,3.084431001590626,1.4766634917184134,-0.3045154233977527,-1
262.7737445037265,128.2762188084215,0.48816223649239954,0.26233172021542084,2.93637101242883,1.3812405976850675,-0.05786016293326934,-1
261.12168349263453,131.35560910431002,0.5030436666436978,0.6506172350468591,2.9350723811034163,1.3352130845647283,0.7225981828944903,-1
270.419601825039,129.90657266305683,0.4803888911392827,1.0209300539800676,2.3565239361010297,1.3364977726810703,3.9029482689597845,-1
261.983960601215,133.29368251010095,0.5087856607870626,0.22779547532429048,3.0265812346650245,1.4720077986656084,-0.19807922179340087,-1
248.22787149362276,125.6145695560724,0.506045388055062,0.029768700041676695,3.051859762645176,1.4993876768586598,-0.720876909220423,-1
260.80717228254406,109.2205300207609,0.41877885897415973,-0.17081119278294396,3.068200114610508,1.5771567734580962,-0.21321851005344916,-1
296.75825392865335,123.80985674760623,0.41720779492580723,0.4372798703686613,2.7688840705376356,1.4424584991119023,0.8091732061382721,-1
288.4705201732242,114.60017413056474,0.39726823407032463,-0.24371192320531593,3.079940936015031,1.3577256127930295,-0.6134876633953725,-1
